profile,seed,sample_index,snr_db,l_value,channel_nmse_db,support_recall,dominant_energy_recall,delay_bin_rmse,angle_bin_rmse,noise_variance
A,20260626.0,0.0,0.0,4.0,-5.952864856228301,1.0,0.7544075251085189,0.0,0.0,0.9999999144306848
A,20260626.0,1.0,0.0,4.0,-5.279474864592938,0.75,0.7336340752728915,0.7071067811865476,0.0,0.9999998805865357
A,20260626.0,2.0,0.0,4.0,-8.463244902121298,1.0,0.873190380035383,0.0,0.0,0.9999999097332174
A,20260626.0,3.0,0.0,4.0,-10.182335196813636,1.0,0.9190714707099408,0.0,0.0,1.0000000226998578
A,20260626.0,0.0,0.0,8.0,-8.299767790384657,0.875,0.8802246121373453,0.6123724356957945,0.3535533905932738,0.9999999144306848
A,20260626.0,1.0,0.0,8.0,-6.973317407483015,0.875,0.8680170428172395,6.031169040907409,0.8660254037844386,0.9999998805865357
A,20260626.0,2.0,0.0,8.0,-8.43236205659934,0.875,0.9102387432383994,8.507349763586777,0.5,0.9999999097332174
A,20260626.0,3.0,0.0,8.0,-8.282911677803384,0.625,0.9297164163798259,11.979148550710939,0.8660254037844386,1.0000000226998578
A,20260626.0,0.0,0.0,16.0,-6.321456710413548,0.5625,0.9004367567506261,12.283118496538247,0.7905694150420949,0.9999999144306848
A,20260626.0,1.0,0.0,16.0,-5.207230413424008,0.5625,0.8856687262737987,10.656570742973557,0.82915619758885,0.9999998805865357
A,20260626.0,2.0,0.0,16.0,-6.323970291106857,0.5625,0.9358125225349996,8.699856320652657,0.7905694150420949,0.9999999097332174
A,20260626.0,3.0,0.0,16.0,-5.764097168469574,0.375,0.9332428713824419,11.653862020806665,0.9354143466934853,1.0000000226998578
A,20260626.0,0.0,10.0,4.0,-6.076400383176249,1.0,0.7544075251085189,0.0,0.0,0.09999999144306848
A,20260626.0,1.0,10.0,4.0,-5.82680027238586,0.5,0.741914308892326,0.0,0.7071067811865476,0.09999998805865357
A,20260626.0,2.0,10.0,4.0,-8.949308472260867,1.0,0.873190380035383,0.0,0.0,0.09999999097332174
A,20260626.0,3.0,10.0,4.0,-10.799016457681056,1.0,0.9190714707099408,0.0,0.0,0.10000000226998577
A,20260626.0,0.0,10.0,8.0,-9.16189120792826,0.875,0.8809569044853863,0.3535533905932738,0.3535533905932738,0.09999999144306848
A,20260626.0,1.0,10.0,8.0,-9.06219474176723,0.875,0.8809497605119487,0.5,0.3535533905932738,0.09999998805865357
A,20260626.0,2.0,10.0,8.0,-11.516501805161807,1.0,0.932597883717622,0.0,0.0,0.09999999097332174
A,20260626.0,3.0,10.0,8.0,-12.838604756867102,0.875,0.9512800242249639,0.6123724356957945,0.5,0.10000000226998577
A,20260626.0,0.0,10.0,16.0,-11.397241756407466,0.875,0.9348605921621889,0.6123724356957945,0.3535533905932738,0.09999999144306848
A,20260626.0,1.0,10.0,16.0,-12.083157502728298,0.9375,0.94678833113576,0.25,0.0,0.09999998805865357
A,20260626.0,2.0,10.0,16.0,-13.381211843336175,0.875,0.9620918045209539,0.7071067811865476,0.25,0.09999999097332174
A,20260626.0,3.0,10.0,16.0,-13.618869010688726,0.6875,0.9680728665955756,7.874007874011811,0.25,0.10000000226998577
A,20260626.0,0.0,20.0,4.0,-6.09166042537913,1.0,0.7544075251085189,0.0,0.0,0.009999999144306848
A,20260626.0,1.0,20.0,4.0,-6.408411918099563,1.0,0.7715986910742826,0.0,0.0,0.009999998805865357
A,20260626.0,2.0,20.0,4.0,-8.959807805839397,1.0,0.873190380035383,0.0,0.0,0.009999999097332174
A,20260626.0,3.0,20.0,4.0,-10.911761992116896,1.0,0.9190714707099408,0.0,0.0,0.010000000226998578
A,20260626.0,0.0,20.0,8.0,-9.3610485256157,1.0,0.8846300278833247,0.0,0.0,0.009999999144306848
A,20260626.0,1.0,20.0,8.0,-9.3113142971795,1.0,0.8832581998067968,0.0,0.0,0.009999998805865357
A,20260626.0,2.0,20.0,8.0,-11.688425593160192,1.0,0.932597883717622,0.0,0.0,0.009999999097332174
A,20260626.0,3.0,20.0,8.0,-13.32079815614402,1.0,0.9537883929691553,0.0,0.0,0.010000000226998578
A,20260626.0,0.0,20.0,16.0,-12.20252184182959,0.9375,0.9406780977319176,0.25,0.25,0.009999999144306848
A,20260626.0,1.0,20.0,16.0,-12.906032542725345,1.0,0.9495181956018895,0.0,0.0,0.009999998805865357
A,20260626.0,2.0,20.0,16.0,-14.340240068490438,0.9375,0.9642024808371946,0.6614378277661477,0.25,0.009999999097332174
A,20260626.0,3.0,20.0,16.0,-15.735338025516608,0.8125,0.9740508136686072,0.8660254037844386,0.4330127018922193,0.010000000226998578
A,20260626.0,0.0,30.0,4.0,-6.097751881946676,1.0,0.7544075251085189,0.0,0.0,0.0009999999144306847
A,20260626.0,1.0,30.0,4.0,-6.4123978315909955,1.0,0.7715986910742826,0.0,0.0,0.0009999998805865357
A,20260626.0,2.0,30.0,4.0,-8.968104383715144,1.0,0.873190380035383,0.0,0.0,0.0009999999097332175
A,20260626.0,3.0,30.0,4.0,-10.91810197920144,1.0,0.9190714707099408,0.0,0.0,0.0010000000226998579
A,20260626.0,0.0,30.0,8.0,-9.378000695731172,1.0,0.8846300278833247,0.0,0.0,0.0009999999144306847
A,20260626.0,1.0,30.0,8.0,-9.326306779272329,1.0,0.8832581998067968,0.0,0.0,0.0009999998805865357
A,20260626.0,2.0,30.0,8.0,-11.711661759423155,1.0,0.932597883717622,0.0,0.0,0.0009999999097332175
A,20260626.0,3.0,30.0,8.0,-13.350117928981236,1.0,0.9537883929691553,0.0,0.0,0.0010000000226998579
A,20260626.0,0.0,30.0,16.0,-12.245581440843656,0.875,0.9404420207611652,0.5590169943749475,0.4330127018922193,0.0009999999144306847
A,20260626.0,1.0,30.0,16.0,-12.961433568967296,1.0,0.9495181956018895,0.0,0.0,0.0009999998805865357
A,20260626.0,2.0,30.0,16.0,-14.627566744470988,1.0,0.9656094691136715,0.0,0.0,0.0009999999097332175
A,20260626.0,3.0,30.0,16.0,-16.18360081123236,1.0,0.97598372825917,0.0,0.0,0.0010000000226998579
A,20260627.0,0.0,0.0,4.0,-6.766793556191773,1.0,0.7971235217271044,0.0,0.0,0.9999999892770262
A,20260627.0,1.0,0.0,4.0,-7.6949841099985345,0.75,0.8366693215722215,0.8660254037844386,0.0,0.9999999537599704
A,20260627.0,2.0,0.0,4.0,-5.884475569094391,1.0,0.7686154752208093,0.0,0.0,0.9999999196354447
A,20260627.0,3.0,0.0,4.0,-6.690402103166377,0.75,0.8068749071051694,0.5,0.7071067811865476,0.99999990531692
A,20260627.0,0.0,0.0,8.0,-7.649450856431811,0.75,0.869269107331967,5.678908345800274,0.5,0.9999999892770262
A,20260627.0,1.0,0.0,8.0,-7.3976401885279275,0.625,0.8713914321910562,9.226321043622967,0.5,0.9999999537599704
A,20260627.0,2.0,0.0,8.0,-6.665148508639959,0.875,0.8507572756644359,7.0710678118654755,0.3535533905932738,0.9999999196354447
A,20260627.0,3.0,0.0,8.0,-7.359978644322171,0.75,0.867587856407238,7.474958193863027,0.0,0.99999990531692
A,20260627.0,0.0,0.0,16.0,-6.460240423461677,0.625,0.8925444224592055,8.257572282456872,0.6614378277661477,0.9999999892770262
A,20260627.0,1.0,0.0,16.0,-6.090135520973183,0.5,0.9114911572007515,10.641898326896381,0.6614378277661477,0.9999999537599704
A,20260627.0,2.0,0.0,16.0,-6.299108378191995,0.625,0.9097672448220219,5.291502622129181,0.5590169943749475,0.9999999196354447
A,20260627.0,3.0,0.0,16.0,-6.9010640325711305,0.625,0.9170321020662711,6.18465843842649,0.6614378277661477,0.99999990531692
A,20260627.0,0.0,10.0,4.0,-6.699517174310559,0.75,0.7875957096231155,0.0,0.5,0.09999999892770262
A,20260627.0,1.0,10.0,4.0,-8.167683906390996,1.0,0.8493407984788669,0.0,0.0,0.09999999537599705
A,20260627.0,2.0,10.0,4.0,-6.30685831969664,1.0,0.7686154752208093,0.0,0.0,0.09999999196354446
A,20260627.0,3.0,10.0,4.0,-7.265927770681921,0.75,0.8153790781030618,0.7071067811865476,0.5,0.09999999053169199
A,20260627.0,0.0,10.0,8.0,-9.815181132782522,0.875,0.8984914658827143,0.3535533905932738,0.3535533905932738,0.09999999892770262
A,20260627.0,1.0,10.0,8.0,-10.415440168905706,0.875,0.9129087429730108,0.7905694150420949,0.0,0.09999999537599705
A,20260627.0,2.0,10.0,8.0,-8.88479375647471,0.875,0.8738498997996785,0.0,0.5,0.09999999196354446
A,20260627.0,3.0,10.0,8.0,-10.313410156086722,1.0,0.9118023046985061,0.0,0.0,0.09999999053169199
A,20260627.0,0.0,10.0,16.0,-11.824869998053703,0.8125,0.941419163738828,0.9682458365518543,0.5,0.09999999892770262
A,20260627.0,1.0,10.0,16.0,-13.06049409276543,0.9375,0.9573586264886456,4.789311015167004,0.25,0.09999999537599705
A,20260627.0,2.0,10.0,16.0,-11.628982635051235,0.875,0.9371799446618841,0.6123724356957945,0.4330127018922193,0.09999999196354446
A,20260627.0,3.0,10.0,16.0,-12.096108522098586,0.875,0.9484974466970454,0.75,0.25,0.09999999053169199
A,20260627.0,0.0,20.0,4.0,-6.92424309267078,1.0,0.7971235217271044,0.0,0.0,0.009999999892770261
A,20260627.0,1.0,20.0,4.0,-8.21296240488958,1.0,0.8493407984788669,0.0,0.0,0.009999999537599703
A,20260627.0,2.0,20.0,4.0,-6.349070879540781,1.0,0.7686154752208093,0.0,0.0,0.009999999196354447
A,20260627.0,3.0,20.0,4.0,-7.363217884352967,1.0,0.8165842404614028,0.0,0.0,0.009999999053169199
A,20260627.0,0.0,20.0,8.0,-9.924947186263836,1.0,0.8985192551247552,0.0,0.0,0.009999999892770261
A,20260627.0,1.0,20.0,8.0,-10.635632084259075,0.875,0.9140438633546443,0.6123724356957945,0.5,0.009999999537599703
A,20260627.0,2.0,20.0,8.0,-8.972263363502321,0.875,0.8738498997996785,0.0,0.5,0.009999999196354447
A,20260627.0,3.0,20.0,8.0,-10.538860376575009,1.0,0.9118023046985061,0.0,0.0,0.009999999053169199
A,20260627.0,0.0,20.0,16.0,-12.882294725267457,0.9375,0.9490591096714814,0.5590169943749475,0.25,0.009999999892770261
A,20260627.0,1.0,20.0,16.0,-13.866449567409678,0.9375,0.9596312530488134,0.4330127018922193,0.25,0.009999999537599703
A,20260627.0,2.0,20.0,16.0,-12.162632987546981,0.9375,0.9401530217539762,0.5,0.0,0.009999999196354447
A,20260627.0,3.0,20.0,16.0,-13.206889895613061,0.9375,0.9527462653272538,0.75,0.0,0.009999999053169199
A,20260627.0,0.0,30.0,4.0,-6.927196938321593,1.0,0.7971235217271044,0.0,0.0,0.000999999989277026
A,20260627.0,1.0,30.0,4.0,-8.219399733330592,1.0,0.8493407984788669,0.0,0.0,0.0009999999537599704
A,20260627.0,2.0,30.0,4.0,-6.356494866051538,1.0,0.7686154752208093,0.0,0.0,0.0009999999196354447
A,20260627.0,3.0,30.0,4.0,-7.365266396790689,1.0,0.8165842404614028,0.0,0.0,0.0009999999053169199
A,20260627.0,0.0,30.0,8.0,-9.934478014103332,1.0,0.8985192551247552,0.0,0.0,0.000999999989277026
A,20260627.0,1.0,30.0,8.0,-10.726388844250408,1.0,0.9154295902922265,0.0,0.0,0.0009999999537599704
A,20260627.0,2.0,30.0,8.0,-9.016367696348793,1.0,0.874596524171783,0.0,0.0,0.0009999999196354447
A,20260627.0,3.0,30.0,8.0,-10.543365250889508,1.0,0.9118023046985061,0.0,0.0,0.0009999999053169199
A,20260627.0,0.0,30.0,16.0,-12.961908609242956,1.0,0.9495223240818746,0.0,0.0,0.000999999989277026
A,20260627.0,1.0,30.0,16.0,-13.98401708657941,1.0,0.9600912600206102,0.0,0.0,0.0009999999537599704
A,20260627.0,2.0,30.0,16.0,-12.318677901112435,0.9375,0.9414188188658006,0.5590169943749475,0.25,0.0009999999196354447
A,20260627.0,3.0,30.0,16.0,-13.275726268774196,1.0,0.9530382292426773,0.0,0.0,0.0009999999053169199
C,20260626.0,0.0,0.0,4.0,-7.802100129933533,0.75,0.886627808303474,8.0,1.0,1.000000016861005
C,20260626.0,1.0,0.0,4.0,-7.22263530905043,0.75,0.8161922338084934,0.5,0.5,1.000000129818989
C,20260626.0,2.0,0.0,4.0,-7.742118140738458,0.75,0.8629750584710365,8.5,1.0,0.9999999534684743
C,20260626.0,3.0,0.0,4.0,-8.839528859980499,1.0,0.8819383235174632,0.0,0.0,0.9999999478268317
C,20260626.0,0.0,0.0,8.0,-7.334375922429875,0.75,0.9197941569929542,6.334429729659964,1.0606601717798212,1.000000016861005
C,20260626.0,1.0,0.0,8.0,-7.413359936803275,0.75,0.8730842144115475,11.472793905583766,0.3535533905932738,1.000000129818989
C,20260626.0,2.0,0.0,8.0,-7.613795571366639,0.625,0.9003086511697271,8.284020762890446,1.0606601717798212,0.9999999534684743
C,20260626.0,3.0,0.0,8.0,-7.8420562751909895,0.625,0.901126058799262,5.1599418601375735,0.3535533905932738,0.9999999478268317
C,20260626.0,0.0,0.0,16.0,-5.510161050330391,0.5,0.93221843288449,9.624188277460078,0.75,1.000000016861005
C,20260626.0,1.0,0.0,16.0,-5.78309312686228,0.4375,0.8953299941067092,14.692685254915114,0.7905694150420949,1.000000129818989
C,20260626.0,2.0,0.0,16.0,-6.459149139738063,0.4375,0.9301015272168427,9.034655499796326,1.0606601717798212,0.9999999534684743
C,20260626.0,3.0,0.0,16.0,-6.078859223902612,0.4375,0.9159401266805783,14.964541422977184,0.6614378277661477,0.9999999478268317
C,20260626.0,0.0,10.0,4.0,-9.886712528925306,0.75,0.8989402282310811,0.8660254037844386,0.0,0.1000000016861005
C,20260626.0,1.0,10.0,4.0,-7.402120187641207,1.0,0.8215939418782764,0.0,0.0,0.1000000129818989
C,20260626.0,2.0,10.0,4.0,-9.324864685072582,1.0,0.8850393860897551,0.0,0.0,0.09999999534684742
C,20260626.0,3.0,10.0,4.0,-9.17155192427969,0.75,0.8818762044059831,1.0,0.0,0.09999999478268316
C,20260626.0,0.0,10.0,8.0,-11.154802664282265,0.75,0.9267702869311514,0.8660254037844386,0.6123724356957945,0.1000000016861005
C,20260626.0,1.0,10.0,8.0,-10.464118303001662,1.0,0.9153457635727116,0.0,0.0,0.1000000129818989
C,20260626.0,2.0,10.0,8.0,-11.710344244448974,0.875,0.9364848777684923,0.7071067811865476,0.3535533905932738,0.09999999534684742
C,20260626.0,3.0,10.0,8.0,-11.303129060353141,0.875,0.9292422914662857,0.3535533905932738,0.3535533905932738,0.09999999478268316
C,20260626.0,0.0,10.0,16.0,-13.861170063723662,0.9375,0.9657268711452524,0.4330127018922193,0.25,0.1000000016861005
C,20260626.0,1.0,10.0,16.0,-12.931466965839302,0.9375,0.9579314841776604,1.0,0.0,0.1000000129818989
C,20260626.0,2.0,10.0,16.0,-13.344292301333843,0.75,0.9622015642755347,0.9354143466934853,0.25,0.09999999534684742
C,20260626.0,3.0,10.0,16.0,-13.46135754671909,0.8125,0.9640806423131482,0.4330127018922193,0.5590169943749475,0.09999999478268316
C,20260626.0,0.0,20.0,4.0,-9.947354534567669,0.75,0.8989402282310811,0.8660254037844386,0.0,0.01000000016861005
C,20260626.0,1.0,20.0,4.0,-7.481008352991188,1.0,0.8215939418782764,0.0,0.0,0.010000001298189889
C,20260626.0,2.0,20.0,4.0,-9.348532880267156,0.75,0.8839002965272659,0.8660254037844386,0.0,0.009999999534684743
C,20260626.0,3.0,20.0,4.0,-9.273374315564128,0.75,0.8818762044059831,1.0,0.0,0.009999999478268316
C,20260626.0,0.0,20.0,8.0,-12.105208935334646,1.0,0.9386665104887941,0.0,0.0,0.01000000016861005
C,20260626.0,1.0,20.0,8.0,-10.707928163725162,1.0,0.9153457635727116,0.0,0.0,0.010000001298189889
C,20260626.0,2.0,20.0,8.0,-11.960161233307772,1.0,0.9366114826365858,0.0,0.0,0.009999999534684743
C,20260626.0,3.0,20.0,8.0,-11.554166511598263,1.0,0.9303472343910408,0.0,0.0,0.009999999478268316
C,20260626.0,0.0,20.0,16.0,-15.101250443638708,0.9375,0.9697256878504907,0.3535533905932738,0.3535533905932738,0.01000000016861005
C,20260626.0,1.0,20.0,16.0,-13.880230187184168,1.0,0.9596706542991928,0.0,0.0,0.010000001298189889
C,20260626.0,2.0,20.0,16.0,-14.957998853729524,0.9375,0.9687616007885461,0.5,0.3535533905932738,0.009999999534684743
C,20260626.0,3.0,20.0,16.0,-14.717653763270711,0.875,0.9667955492409922,0.6123724356957945,0.3535533905932738,0.009999999478268316
C,20260626.0,0.0,30.0,4.0,-9.972791912467398,1.0,0.8993987427150743,0.0,0.0,0.001000000016861005
C,20260626.0,1.0,30.0,4.0,-7.485610213080793,1.0,0.8215939418782764,0.0,0.0,0.001000000129818989
C,20260626.0,2.0,30.0,4.0,-9.393939002679554,1.0,0.8850393860897551,0.0,0.0,0.0009999999534684742
C,20260626.0,3.0,30.0,4.0,-9.275044880080511,0.75,0.8818762044059831,1.0,0.0,0.0009999999478268317
C,20260626.0,0.0,30.0,8.0,-12.120389064582826,1.0,0.9386665104887941,0.0,0.0,0.001000000016861005
C,20260626.0,1.0,30.0,8.0,-10.722268634181905,1.0,0.9153457635727116,0.0,0.0,0.001000000129818989
C,20260626.0,2.0,30.0,8.0,-11.977853387010754,1.0,0.9366114826365858,0.0,0.0,0.0009999999534684742
C,20260626.0,3.0,30.0,8.0,-11.56639191788889,1.0,0.9303472343910408,0.0,0.0,0.0009999999478268317
C,20260626.0,0.0,30.0,16.0,-15.269902458719088,1.0,0.9703437871239587,0.0,0.0,0.001000000016861005
C,20260626.0,1.0,30.0,16.0,-13.938079391140938,1.0,0.9596706542991928,0.0,0.0,0.001000000129818989
C,20260626.0,2.0,30.0,16.0,-15.08582998754065,1.0,0.9690403964224807,0.0,0.0,0.0009999999534684742
C,20260626.0,3.0,30.0,16.0,-14.926625952176165,1.0,0.9679289190796992,0.0,0.0,0.0009999999478268317
C,20260627.0,0.0,0.0,4.0,-8.574522351334176,1.0,0.8893507736255538,0.0,0.0,1.0000001199373678
C,20260627.0,1.0,0.0,4.0,-5.98605056878686,0.5,0.7654239394296655,0.7071067811865476,1.118033988749895,1.0000000354171237
C,20260627.0,2.0,0.0,4.0,-8.351008718925407,0.75,0.8720776288319828,0.7071067811865476,0.5,0.9999999916837312
C,20260627.0,3.0,0.0,4.0,-10.652554797373902,1.0,0.9391192089304247,0.0,0.0,1.0000000324367773
C,20260627.0,0.0,0.0,8.0,-7.175792277900745,0.625,0.8996819602226295,11.096170510586074,0.8660254037844386,1.0000001199373678
C,20260627.0,1.0,0.0,8.0,-7.308184644694496,0.875,0.8801958051618625,8.852965604812887,0.5,1.0000000354171237
C,20260627.0,2.0,0.0,8.0,-6.399132139190921,0.5,0.8744007707128117,13.560051622320618,0.5,0.9999999916837312
C,20260627.0,3.0,0.0,8.0,-8.693420487578166,0.625,0.9483100667491848,14.049021318227117,0.8660254037844386,1.0000000324367773
C,20260627.0,0.0,0.0,16.0,-5.640733742193463,0.375,0.9119151732540436,12.467457639791682,0.82915619758885,1.0000001199373678
C,20260627.0,1.0,0.0,16.0,-5.906377854287641,0.6875,0.9245045231612783,10.124228365658293,0.82915619758885,1.0000000354171237
C,20260627.0,2.0,0.0,16.0,-5.14195167308006,0.375,0.8855344864982427,13.845125496000389,0.6614378277661477,0.9999999916837312
C,20260627.0,3.0,0.0,16.0,-6.488104026120523,0.375,0.951461695676384,12.114041439585717,0.9354143466934853,1.0000000324367773
C,20260627.0,0.0,10.0,4.0,-9.505588867559748,1.0,0.8893507736255538,0.0,0.0,0.10000001199373679
C,20260627.0,1.0,10.0,4.0,-6.59197619936279,1.0,0.7818263591639695,0.0,0.0,0.10000000354171237
C,20260627.0,2.0,10.0,4.0,-9.039207659893403,1.0,0.8766937400825296,0.0,0.0,0.09999999916837313
C,20260627.0,3.0,10.0,4.0,-12.057916872620222,1.0,0.9391192089304247,0.0,0.0,0.10000000324367772
C,20260627.0,0.0,10.0,8.0,-12.267518961039345,0.875,0.9424569472539553,0.3535533905932738,0.3535533905932738,0.10000001199373679
C,20260627.0,1.0,10.0,8.0,-9.905756782216871,1.0,0.9008892181549027,0.0,0.0,0.10000000354171237
C,20260627.0,2.0,10.0,8.0,-11.151069729288935,0.875,0.9268974044967324,0.0,0.3535533905932738,0.09999999916837313
C,20260627.0,3.0,10.0,8.0,-13.965620572200358,0.875,0.9625767567642685,0.3535533905932738,0.3535533905932738,0.10000000324367772
C,20260627.0,0.0,10.0,16.0,-14.141237460085193,0.875,0.9691945949451944,1.4577379737113252,0.5590169943749475,0.10000001199373679
C,20260627.0,1.0,10.0,16.0,-13.515361434191327,0.9375,0.9631368714349036,0.9354143466934853,0.0,0.10000000354171237
C,20260627.0,2.0,10.0,16.0,-13.26410912287628,0.875,0.9608039814664777,1.479019945774904,0.5,0.09999999916837313
C,20260627.0,3.0,10.0,16.0,-15.184475888016706,0.875,0.9780503369027997,1.479019945774904,0.5,0.10000000324367772
C,20260627.0,0.0,20.0,4.0,-9.556564348499151,1.0,0.8893507736255538,0.0,0.0,0.010000001199373679
C,20260627.0,1.0,20.0,4.0,-6.607838338834298,1.0,0.7818263591639695,0.0,0.0,0.010000000354171236
C,20260627.0,2.0,20.0,4.0,-9.083820764043018,1.0,0.8766937400825296,0.0,0.0,0.009999999916837312
C,20260627.0,3.0,20.0,4.0,-12.139212025116159,1.0,0.9391192089304247,0.0,0.0,0.010000000324367772
C,20260627.0,0.0,20.0,8.0,-12.453467148933457,1.0,0.9434078248860966,0.0,0.0,0.010000001199373679
C,20260627.0,1.0,20.0,8.0,-10.022141515371395,1.0,0.9008892181549027,0.0,0.0,0.010000000354171236
C,20260627.0,2.0,20.0,8.0,-11.346802254691447,0.875,0.9268974044967324,0.0,0.3535533905932738,0.009999999916837312
C,20260627.0,3.0,20.0,8.0,-14.431660172147485,1.0,0.9644090175788746,0.0,0.0,0.010000000324367772
C,20260627.0,0.0,20.0,16.0,-15.869162482467775,0.9375,0.9748580729507386,0.6614378277661477,0.0,0.010000001199373679
C,20260627.0,1.0,20.0,16.0,-14.33711373346878,1.0,0.9638885651414628,0.0,0.0,0.010000000354171236
C,20260627.0,2.0,20.0,16.0,-14.75560414327525,1.0,0.9672433342231839,0.0,0.0,0.009999999916837312
C,20260627.0,3.0,20.0,16.0,-17.021642516777927,0.9375,0.9809556158768837,0.5,0.0,0.010000000324367772
C,20260627.0,0.0,30.0,4.0,-9.560292113308753,1.0,0.8893507736255538,0.0,0.0,0.0010000001199373678
C,20260627.0,1.0,30.0,4.0,-6.611482469765137,1.0,0.7818263591639695,0.0,0.0,0.0010000000354171237
C,20260627.0,2.0,30.0,4.0,-9.089345258242409,1.0,0.8766937400825296,0.0,0.0,0.0009999999916837311
C,20260627.0,3.0,30.0,4.0,-12.154432945386322,1.0,0.9391192089304247,0.0,0.0,0.0010000000324367772
C,20260627.0,0.0,30.0,8.0,-12.47160722914879,1.0,0.9434078248860966,0.0,0.0,0.0010000001199373678
C,20260627.0,1.0,30.0,8.0,-10.037503559687693,1.0,0.9008892181549027,0.0,0.0,0.0010000000354171237
C,20260627.0,2.0,30.0,8.0,-11.376478224814782,1.0,0.927200530667845,0.0,0.0,0.0009999999916837311
C,20260627.0,3.0,30.0,8.0,-14.482615151819058,1.0,0.9644090175788746,0.0,0.0,0.0010000000324367772
C,20260627.0,0.0,30.0,16.0,-16.019351365266413,1.0,0.9750293054476548,0.0,0.0,0.0010000001199373678
C,20260627.0,1.0,30.0,16.0,-14.418686038635546,1.0,0.9638885651414628,0.0,0.0,0.0010000000354171237
C,20260627.0,2.0,30.0,16.0,-14.840014530912063,1.0,0.9672433342231839,0.0,0.0,0.0009999999916837311
C,20260627.0,3.0,30.0,16.0,-17.25003866971052,0.9375,0.9812294839621328,0.0,0.25,0.0010000000324367772
D,20260626.0,0.0,0.0,4.0,-11.561128832577692,0.5,0.982333784281054,10.828203913853857,0.7071067811865476,1.0000000625100125
D,20260626.0,1.0,0.0,4.0,-12.313476054478812,0.75,0.9758596902642531,8.0156097709407,0.5,1.0000000559507511
D,20260626.0,2.0,0.0,4.0,-12.249579985930518,0.75,0.981718481500952,10.012492197250394,0.5,1.000000086487727
D,20260626.0,3.0,0.0,4.0,-10.073091192691862,0.25,0.9778131429655686,20.45116133621756,0.8660254037844386,0.9999998475214116
D,20260626.0,0.0,0.0,8.0,-9.073532940110832,0.25,0.9824535060798386,11.805718953117594,0.9354143466934853,1.0000000625100125
D,20260626.0,1.0,0.0,8.0,-9.040913218958163,0.375,0.9760146314369297,12.879246872391258,0.6123724356957945,1.0000000559507511
D,20260626.0,2.0,0.0,8.0,-8.84730646570553,0.375,0.9822661393686766,10.124228365658293,0.7071067811865476,1.000000086487727
D,20260626.0,3.0,0.0,8.0,-7.8415587793569035,0.125,0.9778181957330394,21.3395173328733,1.0606601717798212,0.9999998475214116
D,20260626.0,0.0,0.0,16.0,-6.6561568644153635,0.125,0.9824641416257522,13.329947486768281,0.7071067811865476,1.0000000625100125
D,20260626.0,1.0,0.0,16.0,-6.42765325180413,0.25,0.9762685963335602,14.084566021003274,0.8660254037844386,1.0000000559507511
D,20260626.0,2.0,0.0,16.0,-6.3039269839892,0.3125,0.9854140557949185,13.141061600951424,0.6614378277661477,1.000000086487727
D,20260626.0,3.0,0.0,16.0,-5.772765645485199,0.125,0.9808326989692857,18.36096402697854,0.7905694150420949,0.9999998475214116
D,20260626.0,0.0,10.0,4.0,-18.757735439037482,0.75,0.9893560845827317,0.0,0.5,0.10000000625100125
D,20260626.0,1.0,10.0,4.0,-18.925486478526416,1.0,0.9884797267294828,0.0,0.0,0.10000000559507512
D,20260626.0,2.0,10.0,4.0,-17.61237438237872,0.75,0.983988042761018,2.0,0.5,0.1000000086487727
D,20260626.0,3.0,10.0,4.0,-18.503883889805167,0.75,0.9876834633207305,0.5,0.0,0.09999998475214116
D,20260626.0,0.0,10.0,8.0,-17.578700501589182,0.5,0.9925877466764184,9.219544457292887,0.8660254037844386,0.10000000625100125
D,20260626.0,1.0,10.0,8.0,-18.78475747631421,0.75,0.9920959656374663,8.902246907382429,0.5,0.10000000559507512
D,20260626.0,2.0,10.0,8.0,-19.73768340143747,0.75,0.9940965407067249,3.5355339059327378,0.3535533905932738,0.1000000086487727
D,20260626.0,3.0,10.0,8.0,-21.04949821407388,0.875,0.996624115820571,0.3535533905932738,0.3535533905932738,0.09999998475214116
D,20260626.0,0.0,10.0,16.0,-16.363792742304554,0.4375,0.9966341783864454,13.490737563232042,0.6614378277661477,0.10000000625100125
D,20260626.0,1.0,10.0,16.0,-16.335544770374234,0.4375,0.9929739915814246,11.629703349613008,0.75,0.10000000559507512
D,20260626.0,2.0,10.0,16.0,-16.548581348558905,0.5625,0.9947022053375543,11.00568035152757,0.5,0.1000000086487727
D,20260626.0,3.0,10.0,16.0,-17.222886229383995,0.5,0.9967504134274681,10.25,0.7905694150420949,0.09999998475214116
D,20260626.0,0.0,20.0,4.0,-21.02281944490274,1.0,0.992188132349651,0.0,0.0,0.010000000625100125
D,20260626.0,1.0,20.0,4.0,-19.30817323376305,1.0,0.9884797267294828,0.0,0.0,0.010000000559507512
D,20260626.0,2.0,20.0,4.0,-19.05740185078329,1.0,0.987727752438292,0.0,0.0,0.010000000864877269
D,20260626.0,3.0,20.0,4.0,-19.512503632618543,0.75,0.9889083567743161,1.0,0.5,0.009999998475214116
D,20260626.0,0.0,20.0,8.0,-25.894005255344542,1.0,0.9975431489775171,0.0,0.0,0.010000000625100125
D,20260626.0,1.0,20.0,8.0,-21.977417251840112,0.875,0.9940241620979129,0.6123724356957945,0.3535533905932738,0.010000000559507512
D,20260626.0,2.0,20.0,8.0,-22.22899211791699,0.75,0.9944459959427813,0.6123724356957945,0.3535533905932738,0.010000000864877269
D,20260626.0,3.0,20.0,8.0,-25.823927005035245,1.0,0.9975257516084692,0.0,0.0,0.009999998475214116
D,20260626.0,0.0,20.0,16.0,-26.746816659833705,0.6875,0.9988611914102943,4.841229182759271,0.5590169943749475,0.010000000625100125
D,20260626.0,1.0,20.0,16.0,-24.700234902193667,0.875,0.9975679618175782,3.142451272494134,0.5,0.010000000559507512
D,20260626.0,2.0,20.0,16.0,-24.539844608555295,0.8125,0.9974228652044553,0.9354143466934853,0.5,0.010000000864877269
D,20260626.0,3.0,20.0,16.0,-25.49294622299998,0.6875,0.9982605848553959,11.363318177363512,0.75,0.009999998475214116
D,20260626.0,0.0,30.0,4.0,-21.062588324515275,1.0,0.992188132349651,0.0,0.0,0.0010000000625100126
D,20260626.0,1.0,30.0,4.0,-19.380537200769556,1.0,0.9884797267294828,0.0,0.0,0.0010000000559507512
D,20260626.0,2.0,30.0,4.0,-19.103579793986448,1.0,0.987727752438292,0.0,0.0,0.001000000086487727
D,20260626.0,3.0,30.0,4.0,-19.54586782810095,0.75,0.9889083567743161,1.0,0.5,0.0009999998475214117
D,20260626.0,0.0,30.0,8.0,-25.88392491980892,0.875,0.9974788626984352,0.3535533905932738,0.0,0.0010000000625100126
D,20260626.0,1.0,30.0,8.0,-22.382790626295677,1.0,0.9942434180198164,0.0,0.0,0.0010000000559507512
D,20260626.0,2.0,30.0,8.0,-22.754354344326483,0.875,0.994739537714215,1.541103500742244,0.6123724356957945,0.001000000086487727
D,20260626.0,3.0,30.0,8.0,-26.026527261432854,1.0,0.9975257516084692,0.0,0.0,0.0009999998475214117
D,20260626.0,0.0,30.0,16.0,-31.374467287194943,0.875,0.9993530681941676,0.6123724356957945,0.3535533905932738,0.0010000000625100126
D,20260626.0,1.0,30.0,16.0,-26.811317171085953,1.0,0.9979613634227668,0.0,0.0,0.0010000000559507512
D,20260626.0,2.0,30.0,16.0,-26.60880673189336,0.9375,0.9978984852685135,0.4330127018922193,0.25,0.001000000086487727
D,20260626.0,3.0,30.0,16.0,-29.919355082266318,1.0,0.9990267772860583,0.0,0.0,0.0009999998475214117
D,20260627.0,0.0,0.0,4.0,-10.901008738545336,0.5,0.9663823184341328,14.849242404917497,0.5,1.0000000308105288
D,20260627.0,1.0,0.0,4.0,-9.985504950824875,0.25,0.9736955828959623,13.257073583562851,1.0,1.0000000271122427
D,20260627.0,2.0,0.0,4.0,-10.60353491473439,0.5,0.9811459828249532,17.705931209625774,0.5,1.0000000636380197
D,20260627.0,3.0,0.0,4.0,-9.723019331873875,0.25,0.9711488091515084,21.615966321217286,0.7071067811865476,1.0000000600034344
D,20260627.0,0.0,0.0,8.0,-8.197789901711085,0.25,0.9663852445684287,18.973665961010276,1.0,1.0000000308105288
D,20260627.0,1.0,0.0,8.0,-7.4663722584787084,0.25,0.9737243997523974,17.553489681541958,0.5,1.0000000271122427
D,20260627.0,2.0,0.0,8.0,-7.909269730663459,0.25,0.9811485448822467,19.868316486305527,0.5,1.0000000636380197
D,20260627.0,3.0,0.0,8.0,-7.891693801992008,0.25,0.975426586510094,16.224980739587952,0.7905694150420949,1.0000000600034344
D,20260627.0,0.0,0.0,16.0,-6.023070287021418,0.125,0.9664478993989837,17.053225501353108,0.8660254037844386,1.0000000308105288
D,20260627.0,1.0,0.0,16.0,-5.496548313931385,0.125,0.9737898443153837,15.241801074676182,0.82915619758885,1.0000000271122427
D,20260627.0,2.0,0.0,16.0,-5.69798429435849,0.1875,0.9828069615929989,14.534441853748634,0.6614378277661477,1.0000000636380197
D,20260627.0,3.0,0.0,16.0,-6.079652030138307,0.25,0.9805817956284808,13.35102992281869,0.6123724356957945,1.0000000600034344
D,20260627.0,0.0,10.0,4.0,-16.57222713720885,0.75,0.9798088200500198,0.0,0.5,0.10000000308105288
D,20260627.0,1.0,10.0,4.0,-17.47871829144287,0.75,0.9857305087438636,8.5,0.0,0.10000000271122426
D,20260627.0,2.0,10.0,4.0,-17.77403609429279,0.5,0.9846127425851604,0.5,0.8660254037844386,0.10000000636380198
D,20260627.0,3.0,10.0,4.0,-17.246595155422604,0.5,0.983919971815232,2.1213203435596424,0.5,0.10000000600034345
D,20260627.0,0.0,10.0,8.0,-20.14452236373502,0.875,0.9929526632933516,0.3535533905932738,0.3535533905932738,0.10000000308105288
D,20260627.0,1.0,10.0,8.0,-17.215515548342548,0.625,0.9883882029035026,10.428326807307105,0.8660254037844386,0.10000000271122426
D,20260627.0,2.0,10.0,8.0,-19.22680196995345,0.875,0.9922623086181817,9.905806378079475,0.3535533905932738,0.10000000636380198
D,20260627.0,3.0,10.0,8.0,-19.73425245932959,0.75,0.9953106964513343,3.278719262151,0.7905694150420949,0.10000000600034345
D,20260627.0,0.0,10.0,16.0,-16.38260400270806,0.5,0.9929704345392089,13.523128336298521,0.9682458365518543,0.10000000308105288
D,20260627.0,1.0,10.0,16.0,-16.556099215762153,0.5,0.9936974118993483,10.787724505195708,0.5,0.10000000271122426
D,20260627.0,2.0,10.0,16.0,-18.044917614857564,0.625,0.9965220510041944,8.923284148787374,0.4330127018922193,0.10000000636380198
D,20260627.0,3.0,10.0,16.0,-16.993818902397006,0.4375,0.9955816196332792,11.44825314185531,0.9013878188659973,0.10000000600034345
D,20260627.0,0.0,20.0,4.0,-17.427237863473362,0.75,0.9820232392411153,0.7071067811865476,0.5,0.010000000308105288
D,20260627.0,1.0,20.0,4.0,-19.50215844747992,1.0,0.9889725934473308,0.0,0.0,0.010000000271122427
D,20260627.0,2.0,20.0,4.0,-18.635337905352582,0.75,0.9866605538957507,0.5,0.5,0.010000000636380197
D,20260627.0,3.0,20.0,4.0,-19.039217305760353,1.0,0.98760140932701,0.0,0.0,0.010000000600034344
D,20260627.0,0.0,20.0,8.0,-21.65425876971399,0.875,0.9934031628638983,0.3535533905932738,0.0,0.010000000308105288
D,20260627.0,1.0,20.0,8.0,-22.38468363877816,1.0,0.9944616820606446,0.0,0.0,0.010000000271122427
D,20260627.0,2.0,20.0,8.0,-22.016335360311672,1.0,0.9941961595627031,0.0,0.0,0.010000000636380197
D,20260627.0,3.0,20.0,8.0,-25.789077897284407,1.0,0.9975700061842215,0.0,0.0,0.010000000600034344
D,20260627.0,0.0,20.0,16.0,-25.31209236151107,0.875,0.9979348524804715,1.1726039399558574,0.6614378277661477,0.010000000308105288
D,20260627.0,1.0,20.0,16.0,-25.907520426402417,0.9375,0.998108308565666,0.82915619758885,0.4330127018922193,0.010000000271122427
D,20260627.0,2.0,20.0,16.0,-26.18836449616351,0.8125,0.9985358132594327,7.031180555212616,0.3535533905932738,0.010000000636380197
D,20260627.0,3.0,20.0,16.0,-25.593022662435327,0.75,0.9983012193533829,6.289872812704562,0.5,0.010000000600034344
D,20260627.0,0.0,30.0,4.0,-17.523256634095322,1.0,0.9823186421129545,0.0,0.0,0.0010000000308105288
D,20260627.0,1.0,30.0,4.0,-19.56441678085588,1.0,0.9889725934473308,0.0,0.0,0.0010000000271122426
D,20260627.0,2.0,30.0,4.0,-18.83340132582973,1.0,0.9869328361849148,0.0,0.0,0.0010000000636380198
D,20260627.0,3.0,30.0,4.0,-19.054768132470745,1.0,0.98760140932701,0.0,0.0,0.0010000000600034345
D,20260627.0,0.0,30.0,8.0,-21.85966857043541,1.0,0.9935020293417326,0.0,0.0,0.0010000000308105288
D,20260627.0,1.0,30.0,8.0,-22.51538424071041,0.875,0.994434040721832,1.4577379737113252,0.5,0.0010000000271122426
D,20260627.0,2.0,30.0,8.0,-22.343500138951935,1.0,0.9941961595627031,0.0,0.0,0.0010000000636380198
D,20260627.0,3.0,30.0,8.0,-26.05865638230133,1.0,0.9975700061842215,0.0,0.0,0.0010000000600034345
D,20260627.0,0.0,30.0,16.0,-27.75160977132216,1.0,0.9983849950001439,0.0,0.0,0.0010000000308105288
D,20260627.0,1.0,30.0,16.0,-27.074490716870443,0.9375,0.9981071930227877,0.82915619758885,0.3535533905932738,0.0010000000271122426
D,20260627.0,2.0,30.0,16.0,-29.204593865817735,0.9375,0.9988566100043837,0.75,0.25,0.0010000000636380198
D,20260627.0,3.0,30.0,16.0,-29.360460556928594,1.0,0.9989302196266255,0.0,0.0,0.0010000000600034345
