split,seed,snr_db,n_targets,sample_index,residual_reduction_fraction,local_gain_vs_grid_db,grid_method_index,local_method_index,gate_decision_ms,gated_wall_clock_ms
validation,20260808,0.0,2,0,0.055292684190325736,4.109414352133776,0,4,1.2820999836549163,12.6958999899216
validation,20260808,0.0,2,1,0.08942142274653353,6.949000317934549,5,9,1.3987999991513789,11.625799990724772
validation,20260808,0.0,2,2,0.06271194018787207,6.543532617088208,10,14,1.2660999782383442,11.478799977339804
validation,20260808,0.0,2,3,0.15614577701703258,7.917553270198244,15,19,1.3365999911911786,11.736599961295724
validation,20260808,0.0,2,4,0.09799732447628107,6.553542905117245,20,24,1.2110000243410468,11.882300022989511
validation,20260808,0.0,2,5,0.09634315205121657,9.623415436356396,25,29,1.3535000034607947,12.513900001067668
validation,20260808,0.0,2,6,0.18789744029437871,13.190437998058226,30,34,1.3236000086180866,11.959799972828478
validation,20260808,0.0,2,7,0.09905984492538045,8.495629096337971,35,39,1.3741999864578247,11.694599990732968
validation,20260808,0.0,2,8,0.05967262704989584,2.903595954587453,40,44,1.2945999624207616,11.705199955031276
validation,20260808,0.0,2,9,0.11623492271064184,7.701714991101064,45,49,1.3111000298522413,11.467800009995699
validation,20260808,0.0,2,10,0.09870734866269304,6.962956202880658,50,54,1.3179999659769237,11.554699914995581
validation,20260808,0.0,2,11,0.146643697696618,8.605376868789836,55,59,1.326099969446659,11.398099944926798
validation,20260808,0.0,2,12,0.1141732783793965,9.780648955440842,60,64,1.3425000361166894,11.496999999508262
validation,20260808,0.0,2,13,0.11444864643821961,7.406017766456067,65,69,1.3016000157222152,11.544300010427833
validation,20260808,0.0,2,14,0.18162376477073605,14.933723424723308,70,74,1.2597999884746969,11.488099989946932
validation,20260808,0.0,2,15,0.1943234782508566,11.483913804416584,75,79,1.331999956164509,11.731599923223257
validation,20260808,0.0,2,16,0.17158937638237481,12.416501834913241,80,84,1.2920000008307397,11.883099970873445
validation,20260808,0.0,2,17,0.03374374859599383,4.053272275470759,85,89,1.2176000163890421,11.815700039733201
validation,20260808,0.0,2,18,0.1693308831916508,8.7529964658716,90,94,1.3508000411093235,11.492200021166354
validation,20260808,0.0,2,19,0.12082300105863109,9.227381388040596,95,99,1.3293999945744872,11.548699985723943
validation,20260808,0.0,4,0,0.12160337794255605,10.415466648005488,100,104,1.3966999831609428,18.735199933871627
validation,20260808,0.0,4,1,0.09138163360744445,7.643668757893844,105,109,1.2262000236660242,18.839199969079345
validation,20260808,0.0,4,2,0.1303222244086989,7.969190226391611,110,114,1.2987999944016337,18.79709993954748
validation,20260808,0.0,4,3,0.20512378665374276,13.017711521703012,115,119,1.36749999364838,19.014700024854392
validation,20260808,0.0,4,4,0.0766032290125035,5.114431630160507,120,124,1.3409999664872885,19.27440002327785
validation,20260808,0.0,4,5,0.1286404957184596,7.484477366108459,125,129,1.3096999609842896,18.510099966078997
validation,20260808,0.0,4,6,0.10009091024317796,6.995857837780466,130,134,1.2590999831445515,18.652700004167855
validation,20260808,0.0,4,7,0.18008674421504045,9.811763423052833,135,139,1.3033999712206423,18.77339999191463
validation,20260808,0.0,4,8,0.14569151383126422,14.7321176748064,140,144,1.3068999978713691,18.655799969565123
validation,20260808,0.0,4,9,0.09159265323872257,6.857196209527471,145,149,1.2974999845027924,18.396099971141666
validation,20260808,0.0,4,10,0.053214963994438924,3.7428879673560553,150,154,2.501900016795844,21.341500047128648
validation,20260808,0.0,4,11,0.13948675368355712,5.631177574070056,155,159,1.216700009535998,19.373099959921092
validation,20260808,0.0,4,12,0.08088139674612593,5.653240742458937,160,164,1.3265999732539058,20.49199998145923
validation,20260808,0.0,4,13,0.15296473656408904,7.654438989626774,165,169,1.2507999781519175,19.58989998092875
validation,20260808,0.0,4,14,0.10132352360274455,3.738275685653022,170,174,1.3149000005796552,18.90519994776696
validation,20260808,0.0,4,15,0.13750302838623552,7.165566798296881,175,179,1.291499997023493,18.84760003304109
validation,20260808,0.0,4,16,0.1621462991829491,9.34989398347011,180,184,1.3146999990567565,18.76000000629574
validation,20260808,0.0,4,17,0.09776251088387133,8.855752366070435,185,189,1.3214999926276505,18.84169998811558
validation,20260808,0.0,4,18,0.1317424054508377,6.173315516754463,190,194,1.2141999904997647,18.44299992080778
validation,20260808,0.0,4,19,0.11284448168868766,6.02416795461199,195,199,1.3218999956734478,18.609400023706257
validation,20260808,0.0,8,0,0.08665958645323801,4.680148654031223,200,204,1.3185000279918313,35.12269997736439
validation,20260808,0.0,8,1,0.07984647830040126,5.765947353076594,205,209,1.3889000401832163,35.633500025141984
validation,20260808,0.0,8,2,0.10262130271419845,7.180022366081667,210,214,1.3776000123471022,35.82619997905567
validation,20260808,0.0,8,3,0.09729064596269499,6.388709220038332,215,219,1.3825000496581197,35.47590004745871
validation,20260808,0.0,8,4,0.15173776939648664,9.346702640391516,220,224,1.369300007354468,35.07969999918714
validation,20260808,0.0,8,5,0.1601605775012931,9.088548618127238,225,229,1.3217999949119985,35.08449997752905
validation,20260808,0.0,8,6,0.12996828161582596,7.476706687226066,230,234,1.3651999761350453,35.10659997118637
validation,20260808,0.0,8,7,0.14324942194072998,5.973208826687161,235,239,1.3190999743528664,34.69739994034171
validation,20260808,0.0,8,8,0.10719673330461932,5.44584415675655,240,244,1.3589000445790589,35.23000003769994
validation,20260808,0.0,8,9,0.13913471746351236,6.394549223068329,245,249,1.3787000207230449,35.11689999140799
validation,20260808,0.0,8,10,0.08007599326207249,6.588498412939093,250,254,1.3230000040493906,34.9362000124529
validation,20260808,0.0,8,11,0.12367851494137738,5.819602727142197,255,259,1.3427999801933765,35.206700034905225
validation,20260808,0.0,8,12,0.12716516575784842,6.915734513007757,260,264,1.363899966236204,34.81809998629615
validation,20260808,0.0,8,13,0.11704308583447309,7.182996264791145,265,269,1.2700999504886568,34.982999961357564
validation,20260808,0.0,8,14,0.11303452468405595,6.485440525918438,270,274,1.3535000034607947,35.194600000977516
validation,20260808,0.0,8,15,0.08856017395539018,6.235604835075418,275,279,1.332300016656518,35.311700019519776
validation,20260808,0.0,8,16,0.057864461550349744,4.306616038763839,280,284,1.3609000016003847,35.83119995892048
validation,20260808,0.0,8,17,0.07222907549046698,5.925978249449743,285,289,1.3632000191137195,35.31450004084036
validation,20260808,0.0,8,18,0.09749641172629164,8.810535007962278,290,294,1.4087999588809907,36.025799985509366
validation,20260808,0.0,8,19,0.09063762026544075,5.272326453000797,295,299,1.3247000169940293,35.20829998888075
validation,20260808,10.0,2,0,0.2659624907728404,7.913646290202954,300,304,1.2945000198669732,11.554199969395995
validation,20260808,10.0,2,1,0.3273139128692588,8.751996077228327,305,309,1.3455000007525086,11.033300019335002
validation,20260808,10.0,2,2,0.07573073202305333,2.5923565202585683,310,314,1.3181999674998224,11.453499901108444
validation,20260808,10.0,2,3,0.2313532822558183,10.334011992194325,315,319,1.3628999586217105,11.93999993847683
validation,20260808,10.0,2,4,0.24123136422749109,10.820104104260947,320,324,1.319299975875765,11.517399980220944
validation,20260808,10.0,2,5,0.3841949612000981,8.508761802656995,325,329,1.2711999588645995,11.78169995546341
validation,20260808,10.0,2,6,0.2431942117923515,10.507146020767944,330,334,1.3066999963484704,11.509800038766116
validation,20260808,10.0,2,7,0.09636628146058998,6.2882130370002915,335,339,1.305399986449629,11.842899955809116
validation,20260808,10.0,2,8,0.08723822660532113,4.797579301653318,340,344,1.3560000224970281,12.316100008320063
validation,20260808,10.0,2,9,0.4633623397832441,12.183988970754047,345,349,1.3445999938994646,11.807899922132492
validation,20260808,10.0,2,10,0.44020222101325496,11.139056369578489,350,354,1.3639000244438648,11.804400011897087
validation,20260808,10.0,2,11,0.36393918849299994,8.394645629248272,355,359,1.3226000010035932,11.878999939654022
validation,20260808,10.0,2,12,0.33325753252527124,9.529520872841792,360,364,1.3376999995671213,11.802599998190999
validation,20260808,10.0,2,13,0.2920414497981617,7.980300832688149,365,369,1.3512999867089093,11.656200047582388
validation,20260808,10.0,2,14,0.14182798998788138,7.349977711450277,370,374,1.2926000053994358,11.498799955006689
validation,20260808,10.0,2,15,0.27988605332313204,8.217679792149042,375,379,1.3055999879725277,11.724899988621473
validation,20260808,10.0,2,16,0.2553885715364216,8.252636901028435,380,384,1.3049999834038317,11.833799944724888
validation,20260808,10.0,2,17,0.3185939269587612,5.274469211807078,385,389,1.4247000217437744,11.824099987279624
validation,20260808,10.0,2,18,0.15204812250303834,2.553471739821826,390,394,1.2824999867007136,11.49569993140176
validation,20260808,10.0,2,19,0.09984641059406527,4.234814345334719,395,399,1.3129999861121178,11.662100034300238
validation,20260808,10.0,4,0,0.23823045788387548,7.6201835334602706,400,404,1.332600018940866,18.746300018392503
validation,20260808,10.0,4,1,0.34622234416447484,8.02818686608888,405,409,1.283799996599555,18.224399944301695
validation,20260808,10.0,4,2,0.20526824049617085,7.902775874053311,410,414,1.3289999915286899,18.58199998969212
validation,20260808,10.0,4,3,0.24772961928234877,10.225405631636592,415,419,1.393500017002225,18.62570008961484
validation,20260808,10.0,4,4,0.08699303308348241,4.102845555542027,420,424,1.2871000217273831,18.903499993029982
validation,20260808,10.0,4,5,0.20995365110723735,5.346586288519786,425,429,1.3228000025264919,18.695799983106554
validation,20260808,10.0,4,6,0.3156864180360359,7.294303427071412,430,434,1.3050000416114926,19.258700020145625
validation,20260808,10.0,4,7,0.1752940493539404,5.374442376430438,435,439,1.2398000108078122,18.344199983403087
validation,20260808,10.0,4,8,0.3016391967263987,10.613616826190054,440,444,1.2966999784111977,19.070900045335293
validation,20260808,10.0,4,9,0.2290189140591656,4.975357686600712,445,449,1.3342000311240554,18.88480002526194
validation,20260808,10.0,4,10,0.16660284463105687,4.978254592638637,450,454,1.3567000278271735,18.599600007291883
validation,20260808,10.0,4,11,0.3060922067311266,10.466643949322357,455,459,1.2823999859392643,18.756399978883564
validation,20260808,10.0,4,12,0.19208298916109537,6.2629640451663615,460,464,1.321400050073862,18.55130004696548
validation,20260808,10.0,4,13,0.15965133451553834,5.022582950803361,465,469,1.3585000415332615,18.841200042515993
validation,20260808,10.0,4,14,0.3432641303057516,6.7426751528918905,470,474,1.3467000098899007,18.94380000885576
validation,20260808,10.0,4,15,0.17476832691578065,11.699227683694474,475,479,1.3147999998182058,18.649599980562925
validation,20260808,10.0,4,16,0.1510567979210624,4.184284581322393,480,484,1.3238000101409853,18.989300064276904
validation,20260808,10.0,4,17,0.1634003726797659,7.065157475238781,485,489,1.2695000041276217,19.025899993721396
validation,20260808,10.0,4,18,0.28236463724631994,8.631410534351044,490,494,1.347100012935698,18.66659999359399
validation,20260808,10.0,4,19,0.24572264064856358,6.95826658837971,495,499,1.3458000030368567,18.608400074299425
validation,20260808,10.0,8,0,0.22079053640734111,6.3252648220220475,500,504,1.3168000150471926,35.74169997591525
validation,20260808,10.0,8,1,0.23252130147904831,8.079320503111525,505,509,1.3874000287614763,35.83859995706007
validation,20260808,10.0,8,2,0.15520419627513377,7.583267722455092,510,514,1.3741000439040363,35.51680006785318
validation,20260808,10.0,8,3,0.15035154629940573,7.168884914686093,515,519,1.3081000070087612,35.4514000355266
validation,20260808,10.0,8,4,0.3133201571860168,8.067312299239084,520,524,1.2514999834820628,36.03079990716651
validation,20260808,10.0,8,5,0.159468107876468,8.251595895062906,525,529,1.497599994763732,36.41679999418557
validation,20260808,10.0,8,6,0.3381293396290991,8.315446486930085,530,534,1.32310000481084,35.89050000300631
validation,20260808,10.0,8,7,0.32962476659621,8.506865366785794,535,539,1.2922000023536384,35.29369999887422
validation,20260808,10.0,8,8,0.32509452974350117,7.8167549320600695,540,544,1.3562999665737152,35.385900002438575
validation,20260808,10.0,8,9,0.15268028815128232,5.713327317104003,545,549,1.3953999732621014,35.30939994379878
validation,20260808,10.0,8,10,0.2178630696672246,7.002178523548746,550,554,1.3254000223241746,34.78360007284209
validation,20260808,10.0,8,11,0.16092530125012455,5.88485419306257,555,559,1.2959000305272639,35.49440001370385
validation,20260808,10.0,8,12,0.22900083807576527,7.375965073718379,560,564,1.38229998992756,35.964999988209456
validation,20260808,10.0,8,13,0.30816133352961894,9.032877306926387,565,569,1.357399974949658,35.75289994478226
validation,20260808,10.0,8,14,0.27720030405882723,8.123225268070982,570,574,1.344099990092218,35.122299974318594
validation,20260808,10.0,8,15,0.20724487053490484,6.486989091269295,575,579,1.320800045505166,35.32610007096082
validation,20260808,10.0,8,16,0.26971129288704876,6.337747042503589,580,584,1.3293999945744872,35.151899966876954
validation,20260808,10.0,8,17,0.2784358695408623,7.307037286175891,585,589,1.3230000040493906,34.92919995915145
validation,20260808,10.0,8,18,0.24319063615081854,7.081148635286044,590,594,1.3758999994024634,35.4323000065051
validation,20260808,10.0,8,19,0.26030435229541793,9.037072580268617,595,599,1.363599963951856,34.91519996896386
validation,20260808,20.0,2,0,0.17209136416187493,6.0780947272748636,600,604,1.2977999867871404,11.490600008983165
validation,20260808,20.0,2,1,0.17910752707187144,7.88288311218693,605,609,1.2848000042140484,11.433899926487356
validation,20260808,20.0,2,2,0.30118717344879636,8.385323510752855,610,614,1.260999997612089,11.431199964135885
validation,20260808,20.0,2,3,0.2536163328386619,8.186550658229566,615,619,1.3087000115774572,11.590699956286699
validation,20260808,20.0,2,4,0.38140496127949747,11.084764723065007,620,624,1.2876000255346298,11.5375000750646
validation,20260808,20.0,2,5,0.28549516852486007,8.841288349841209,625,629,1.3500000350177288,11.641400051303208
validation,20260808,20.0,2,6,0.42606892526486784,10.799929417773622,630,634,1.2843000004068017,11.620600009337068
validation,20260808,20.0,2,7,0.2569429498798252,4.3586078407554725,635,639,1.3080000062473118,11.738999979570508
validation,20260808,20.0,2,8,0.2542257238166851,7.874249849752093,640,644,1.3183000264689326,11.487199983093888
validation,20260808,20.0,2,9,0.0856812954612794,4.618819823719361,645,649,1.291799999307841,11.497499945107847
validation,20260808,20.0,2,10,0.34952832985707394,9.034935275262423,650,654,1.3075000024400651,11.719800007995218
validation,20260808,20.0,2,11,0.30148455416913184,10.480897118313228,655,659,1.3527999981306493,11.86329999472946
validation,20260808,20.0,2,12,0.054355136486433336,7.159139554320905,660,664,1.2787000159732997,11.536100006196648
validation,20260808,20.0,2,13,0.3596924778483917,10.605322689654873,665,669,1.3421999756246805,11.636099952738732
validation,20260808,20.0,2,14,0.32636989148536366,10.440512070725632,670,674,1.3897999888285995,11.592199967708439
validation,20260808,20.0,2,15,0.2768546968591336,6.476680419287583,675,679,1.2449999921955168,11.573199939448386
validation,20260808,20.0,2,16,0.38872236383195613,9.751831616369094,680,684,1.2790999608114362,11.612899950705469
validation,20260808,20.0,2,17,0.2658722481635708,9.987782135148988,685,689,1.3078000047244132,11.834199947770685
validation,20260808,20.0,2,18,0.09308249601202076,4.675758394741452,690,694,1.2510999804362655,11.697699956130236
validation,20260808,20.0,2,19,0.18443201892007113,3.445146242730498,695,699,1.2724000262096524,11.678699986077845
validation,20260808,20.0,4,0,0.1995656109519313,6.325156234474494,700,704,1.2885999749414623,18.455600016750395
validation,20260808,20.0,4,1,0.17227175707074477,3.756903549854938,705,709,1.3220999971963465,18.714699952397496
validation,20260808,20.0,4,2,0.19865538377765665,7.442171088189283,710,714,1.2801000266335905,18.698700005188584
validation,20260808,20.0,4,3,0.27799636884576495,5.30869481563526,715,719,1.3272999785840511,18.47440004348755
validation,20260808,20.0,4,4,0.1984542920839921,4.3747732536318,720,724,1.272000023163855,18.787600041832775
validation,20260808,20.0,4,5,0.24934066482188316,13.197063116921935,725,729,1.3270999770611525,18.65049992920831
validation,20260808,20.0,4,6,0.2199287537501683,5.004606061584183,730,734,1.2877000262960792,18.623100069817156
validation,20260808,20.0,4,7,0.3070410537300633,10.655726325524071,735,739,1.37779995566234,18.68729991838336
validation,20260808,20.0,4,8,0.18026360895767876,8.92544675612432,740,744,1.248900021892041,18.808500026352704
validation,20260808,20.0,4,9,0.1402785577672261,3.9832632105823187,745,749,1.2300999951548874,18.700000015087426
validation,20260808,20.0,4,10,0.2734966033802343,10.666001753680698,750,754,1.2969999806955457,18.911799939814955
validation,20260808,20.0,4,11,0.14020811576198072,4.18765905283967,755,759,1.2796999653801322,19.121799967251718
validation,20260808,20.0,4,12,0.12012468730569306,5.370476158913047,760,764,1.2694000033661723,18.58510001329705
validation,20260808,20.0,4,13,0.20004960007934652,9.791382081870747,765,769,1.4040000387467444,18.71890004258603
validation,20260808,20.0,4,14,0.3558095794734336,7.794360606681041,770,774,1.2944000191055238,18.617099965922534
validation,20260808,20.0,4,15,0.15054947630335924,6.652695756325048,775,779,1.2849000049754977,18.90070002991706
validation,20260808,20.0,4,16,0.2589171870482921,10.463309612896943,780,784,1.3220999971963465,18.768500012811273
validation,20260808,20.0,4,17,0.2184050354876233,6.59902002439847,785,789,1.361300004646182,18.830500019248575
validation,20260808,20.0,4,18,0.2099921697972944,7.415897368178091,790,794,1.2906999909318984,18.541299970820546
validation,20260808,20.0,4,19,0.16316237682481466,6.938947747683105,795,799,1.2550000101327896,18.751499999780208
validation,20260808,20.0,8,0,0.25089510788016484,8.069719385632132,800,804,1.3160000089555979,35.132600052747875
validation,20260808,20.0,8,1,0.2691722616526129,8.323010795632548,805,809,1.3851000112481415,35.31819995259866
validation,20260808,20.0,8,2,0.24843838964768095,6.485943017138242,810,814,1.3016999582760036,35.16269999090582
validation,20260808,20.0,8,3,0.20466413475455036,6.290605248517082,815,819,1.3191999751143157,34.70239997841418
validation,20260808,20.0,8,4,0.22705411997909197,7.198410965455378,820,824,1.2438999838195741,34.735299937892705
validation,20260808,20.0,8,5,0.2891130241642173,7.260418518471714,825,829,1.3516999897547066,35.16760002821684
validation,20260808,20.0,8,6,0.1789948581120833,5.316993667874087,830,834,1.3404000201262534,35.101500048767775
validation,20260808,20.0,8,7,0.35198788168207085,7.603932447078087,835,839,1.3521999935619533,34.783000010065734
validation,20260808,20.0,8,8,0.09073716550804012,5.267696303760681,840,844,1.3408999657258391,35.04419996170327
validation,20260808,20.0,8,9,0.2985480221298069,7.6668411516625,845,849,1.3300999999046326,35.14240006916225
validation,20260808,20.0,8,10,0.2178208144524958,6.778096462695258,850,854,1.2511999811977148,34.547300019767135
validation,20260808,20.0,8,11,0.15127087068857914,4.523298309049518,855,859,1.3580000377260149,34.93970009731129
validation,20260808,20.0,8,12,0.22697325220583817,7.824867896837996,860,864,1.3136999914422631,35.268900042865425
validation,20260808,20.0,8,13,0.22541473542917165,5.162116414049135,865,869,1.348600024357438,34.77339999517426
validation,20260808,20.0,8,14,0.2883240224253238,8.730067275384535,870,874,1.3834999990649521,34.88889994332567
validation,20260808,20.0,8,15,0.24823650639513167,8.196110059937148,875,879,1.4125000452622771,35.2789000608027
validation,20260808,20.0,8,16,0.2937053522230504,8.537179737972037,880,884,1.2327999575063586,34.880699939094484
validation,20260808,20.0,8,17,0.2836362676384829,9.797990656615069,885,889,1.3431000406853855,34.97010003775358
validation,20260808,20.0,8,18,0.07665586999328347,4.178933376486107,890,894,1.3563999673351645,35.387400013860315
validation,20260808,20.0,8,19,0.37800608516695405,9.738127367164784,895,899,1.311599975451827,35.64020001795143
validation,20260808,30.0,2,0,0.14669483255486154,7.142640277357533,900,904,1.3573000323958695,11.554000026080757
validation,20260808,30.0,2,1,0.15814104532768258,6.442263893489052,905,909,1.2933000107295811,11.642800061963499
validation,20260808,30.0,2,2,0.23450333694454775,11.468625555511199,910,914,1.2936000130139291,11.556599929463118
validation,20260808,30.0,2,3,0.2053160995972312,5.124258038973334,915,919,1.3194999773986638,11.624899983871728
validation,20260808,30.0,2,4,0.2471665872384425,5.645329931006656,920,924,1.274299982469529,11.56979997176677
validation,20260808,30.0,2,5,0.10206641499640362,3.978756921940441,925,929,1.361300004646182,12.201800011098385
validation,20260808,30.0,2,6,0.3360546843091259,15.592085135759266,930,934,1.224899955559522,11.547999980393797
validation,20260808,30.0,2,7,0.380471720959606,9.70571603442968,935,939,1.32020004093647,11.743000068236142
validation,20260808,30.0,2,8,0.4156182191092373,10.867284598640339,940,944,1.261299999896437,11.771699937526137
validation,20260808,30.0,2,9,0.259305894111579,7.859616894483174,945,949,1.2788999592885375,11.464999988675117
validation,20260808,30.0,2,10,0.054561278731756375,4.124080553915057,950,954,1.3383000041358173,11.701699928380549
validation,20260808,30.0,2,11,0.4559580210751478,8.730106345828075,955,959,1.2466000043787062,11.456900043413043
validation,20260808,30.0,2,12,0.2107385674570936,9.697723758997423,960,964,1.298600051086396,11.529600073117763
validation,20260808,30.0,2,13,0.409271428366707,9.240584195591259,965,969,1.3017000164836645,11.495499988086522
validation,20260808,30.0,2,14,0.289751792171959,9.736333262317316,970,974,1.2811000342480838,11.752000020351261
validation,20260808,30.0,2,15,0.13214385572661425,5.386983810883201,975,979,1.3182999682612717,11.718800000380725
validation,20260808,30.0,2,16,0.40547207346041525,14.734811412950883,980,984,1.3501000357791781,11.957000067923218
validation,20260808,30.0,2,17,0.29064110511789626,8.402791001930701,985,989,1.269900007173419,11.656700051389635
validation,20260808,30.0,2,18,0.2629511550168113,4.520933145388615,990,994,1.326400029938668,11.668400024063885
validation,20260808,30.0,2,19,0.35450121327717526,13.277157130186193,995,999,1.281699980609119,11.887800006661564
validation,20260808,30.0,4,0,0.38555629571568256,9.584212475051665,1000,1004,1.2397000100463629,18.54990003630519
validation,20260808,30.0,4,1,0.10594514366238225,5.190519056336454,1005,1009,1.3290999922901392,18.895699933636934
validation,20260808,30.0,4,2,0.21812500794752027,5.969819880619178,1010,1014,1.2805999722331762,18.73050001449883
validation,20260808,30.0,4,3,0.2365469077352489,5.761807156369624,1015,1019,1.3007000088691711,18.831399967893958
validation,20260808,30.0,4,4,0.2803703759989858,8.95122701604403,1020,1024,1.2869000202044845,18.490899994503707
validation,20260808,30.0,4,5,0.21792079468690842,7.807727899254531,1025,1029,1.2590999831445515,18.910399929154664
validation,20260808,30.0,4,6,0.29713538217328234,5.0795499149199586,1030,1034,1.208400004543364,18.578899966087192
validation,20260808,30.0,4,7,0.21353047445467604,10.518673225299537,1035,1039,1.2771999463438988,19.0486999345012
validation,20260808,30.0,4,8,0.3579128225757838,10.291430669591698,1040,1044,1.291499997023493,18.725599977187812
validation,20260808,30.0,4,9,0.24009599998216116,11.669558006674585,1045,1049,1.2738999794237316,18.53930001379922
validation,20260808,30.0,4,10,0.3055342316210754,5.470319700929881,1050,1054,1.3563000247813761,18.77330004936084
validation,20260808,30.0,4,11,0.1668293250218098,4.874732698064683,1055,1059,1.32460001623258,18.80150003125891
validation,20260808,30.0,4,12,0.17772688421867824,4.836905369554892,1060,1064,1.2999000027775764,18.803699989803135
validation,20260808,30.0,4,13,0.11589406909061824,6.222003021575665,1065,1069,1.3161000097170472,18.534299975726753
validation,20260808,30.0,4,14,0.3006682501282716,9.214044382120445,1070,1074,1.3541000080294907,18.84159998735413
validation,20260808,30.0,4,15,0.20704074484919877,5.1475643697176645,1075,1079,1.3014000141993165,18.829300010111183
validation,20260808,30.0,4,16,0.3860244299223176,9.128557386372659,1080,1084,1.355400017928332,18.96780001698062
validation,20260808,30.0,4,17,0.17597614845090967,6.2731801459914145,1085,1089,1.2817999813705683,18.484999949578196
validation,20260808,30.0,4,18,0.21717203678004782,10.230195526352524,1090,1094,1.3011000119149685,19.05780006200075
validation,20260808,30.0,4,19,0.1436863764128848,5.022666371534357,1095,1099,1.3295999960973859,18.716499966103584
validation,20260808,30.0,8,0,0.23943971077199036,6.78003210478275,1100,1104,1.3117999769747257,35.277599934488535
validation,20260808,30.0,8,1,0.22539613415298476,6.5122460718066835,1105,1109,1.3911999994888902,35.13599996222183
validation,20260808,30.0,8,2,0.2572119042513187,7.989696573456161,1110,1114,1.318100024946034,35.33060004701838
validation,20260808,30.0,8,3,0.32183794349119077,9.005893043770687,1115,1119,1.3030999689362943,34.77739996742457
validation,20260808,30.0,8,4,0.2625257197258876,7.217882587256775,1120,1124,1.343499985523522,35.23509996011853
validation,20260808,30.0,8,5,0.21096494325554707,8.161643920873423,1125,1129,1.283199992030859,35.18370003439486
validation,20260808,30.0,8,6,0.10253075442705631,3.9901873240805337,1130,1134,1.3503000373020768,35.16710008261725
validation,20260808,30.0,8,7,0.2406192367571004,6.53399207947386,1135,1139,1.3510000426322222,34.903200052212924
validation,20260808,30.0,8,8,0.351943088152337,8.249820828914256,1140,1144,1.2880000285804272,34.99890008242801
validation,20260808,30.0,8,9,0.24368376914131548,9.37903840900633,1145,1149,1.2487000203691423,35.55689996574074
validation,20260808,30.0,8,10,0.2660239082244454,7.918879909920439,1150,1154,1.332900021225214,35.823000012896955
validation,20260808,30.0,8,11,0.21979295833404017,5.973104712576826,1155,1159,1.3887000386603177,36.03840002324432
validation,20260808,30.0,8,12,0.20833472589939947,7.037059198909141,1160,1164,1.3531000004149973,35.129399970173836
validation,20260808,30.0,8,13,0.1150404145212284,2.799114800341985,1165,1169,1.3276999816298485,34.95699999621138
validation,20260808,30.0,8,14,0.15963580671477995,4.933797515461901,1170,1174,1.3844000059179962,35.04240000620484
validation,20260808,30.0,8,15,0.25245085894491776,9.597546666262868,1175,1179,1.388499978929758,35.40749999228865
validation,20260808,30.0,8,16,0.21576886319457883,4.982956966991161,1180,1184,1.3371999957598746,36.594700010027736
validation,20260808,30.0,8,17,0.15215807298642037,5.073328972928691,1185,1189,1.3936999603174627,35.286600003018975
validation,20260808,30.0,8,18,0.20200434697219574,6.678813269003415,1190,1194,1.347400015220046,34.98650004621595
validation,20260808,30.0,8,19,0.2519701528867149,5.756513512545384,1195,1199,1.3285999884828925,35.43570003239438
validation,20260809,0.0,2,0,0.23076308495293063,9.127282936600617,1200,1204,1.2839999981224537,11.754100036341697
validation,20260809,0.0,2,1,0.11824933978011287,7.237386906750148,1205,1209,1.3324000174179673,11.492100020404905
validation,20260809,0.0,2,2,0.22805950473436398,9.68216806740947,1210,1214,1.3028000248596072,11.655200039967895
validation,20260809,0.0,2,3,0.11493847288190473,7.287910258302429,1215,1219,1.2877000262960792,11.575100070331246
validation,20260809,0.0,2,4,0.20203609396327793,8.35231282755848,1220,1224,1.2900999863632023,11.515099962707609
validation,20260809,0.0,2,5,0.15407856924151053,10.75805035004025,1225,1229,1.3509999844245613,11.562899977434427
validation,20260809,0.0,2,6,0.15335241414886713,17.016973305777288,1230,1234,1.2390000047162175,11.420399998314679
validation,20260809,0.0,2,7,0.0849885687590638,5.086852977582922,1235,1239,1.2806000304408371,11.47960009984672
validation,20260809,0.0,2,8,0.1661522317498222,9.833306520239152,1240,1244,1.29060004837811,11.3918999559246
validation,20260809,0.0,2,9,0.12589502346498882,8.049010890752346,1245,1249,1.3384000048972666,11.773000005632639
validation,20260809,0.0,2,10,0.15054533945031,10.702245691523114,1250,1254,1.2646999675780535,11.386899976059794
validation,20260809,0.0,2,11,0.15758428699695726,13.128984807866459,1255,1259,1.255100010894239,11.410099978093058
validation,20260809,0.0,2,12,0.1233710048162534,9.02287659838342,1260,1264,1.2746999855153263,11.661899974569678
validation,20260809,0.0,2,13,0.17498955032555885,8.787357809797347,1265,1269,1.2646999675780535,11.638499971013516
validation,20260809,0.0,2,14,0.16338061682240257,12.00722725629746,1270,1274,1.291199994739145,11.687899997923523
validation,20260809,0.0,2,15,0.18430318805842993,10.135369073413592,1275,1279,1.2732000323012471,11.492300021927804
validation,20260809,0.0,2,16,0.053734232863471565,3.7975667877729897,1280,1284,1.277600007597357,11.57140004215762
validation,20260809,0.0,2,17,0.2030007876149802,10.090844597983313,1285,1289,1.3238999526947737,11.398200003895909
validation,20260809,0.0,2,18,0.20665903799459706,9.640103975582914,1290,1294,1.3119999784976244,11.569500027690083
validation,20260809,0.0,2,19,0.12322748761362312,9.461515887193922,1295,1299,1.2818999821320176,11.655200039967895
validation,20260809,0.0,4,0,0.20755618570616263,9.866565297776404,1300,1304,1.268099993467331,18.865499936509877
validation,20260809,0.0,4,1,0.07401416626908519,4.730509866361973,1305,1309,1.258400036022067,18.36020004702732
validation,20260809,0.0,4,2,0.18658248752622464,8.688600828537563,1310,1314,1.233800023328513,18.651299993507564
validation,20260809,0.0,4,3,0.14694835966408637,9.211117130701199,1315,1319,1.3723000301979482,18.781300052069128
validation,20260809,0.0,4,4,0.11888415751513592,8.64378528650158,1320,1324,1.222599996253848,18.470900016836822
validation,20260809,0.0,4,5,0.16123305629552065,9.351746908430567,1325,1329,1.2938000145368278,18.798600125592202
validation,20260809,0.0,4,6,0.0697485182031119,5.326937898545902,1330,1334,1.2832999927923083,18.542799982242286
validation,20260809,0.0,4,7,0.12559409927846876,12.144733585213983,1335,1339,1.3552000164054334,18.6964999884367
validation,20260809,0.0,4,8,0.13972509810989475,5.522253875335239,1340,1344,1.3018000172451138,18.913600011728704
validation,20260809,0.0,4,9,0.12791578950644,9.74692009396795,1345,1349,1.3419999741017818,18.748600035905838
validation,20260809,0.0,4,10,0.18117805623885097,10.265728831209113,1350,1354,1.3396000140346587,18.643599993083626
validation,20260809,0.0,4,11,0.11675022183363692,4.921325225195593,1355,1359,1.2801000266335905,18.604900047648698
validation,20260809,0.0,4,12,0.09577251315447055,5.1363159172889885,1360,1364,1.278500014450401,18.681699933949858
validation,20260809,0.0,4,13,0.0912547774707555,3.5492171570893944,1365,1369,1.2648000265471637,19.056100049056113
validation,20260809,0.0,4,14,0.17211346503146097,6.691551391637779,1370,1374,1.283199992030859,18.645300006028265
validation,20260809,0.0,4,15,0.046290619276592504,6.131331422325282,1375,1379,1.3119999784976244,18.410999968182296
validation,20260809,0.0,4,16,0.13161145812965902,10.331746600075977,1380,1384,1.3395000132732093,18.61620001727715
validation,20260809,0.0,4,17,0.16906161402483144,7.730963768643884,1385,1389,1.2475999537855387,18.557599920313805
validation,20260809,0.0,4,18,0.061660130881564634,3.6064945634009735,1390,1394,1.368400000501424,18.794799980241805
validation,20260809,0.0,4,19,0.11219936065997727,7.006582675821923,1395,1399,1.298899995163083,18.924899923149496
validation,20260809,0.0,8,0,0.1104083419149442,6.480714628744654,1400,1404,1.3322000158950686,35.349000070709735
validation,20260809,0.0,8,1,0.1523439772663212,8.789004622520537,1405,1409,1.3498999760486186,35.25220003211871
validation,20260809,0.0,8,2,0.13316168772929438,7.662553129992034,1410,1414,1.361000002361834,35.79409996746108
validation,20260809,0.0,8,3,0.09075323474788344,5.54428789330941,1415,1419,1.2999000027775764,35.24389991071075
validation,20260809,0.0,8,4,0.13581041252459514,6.666516194612146,1420,1424,1.4117999817244709,34.86630000406876
validation,20260809,0.0,8,5,0.17888236909867083,9.720659040695367,1425,1429,1.3176000211387873,34.73820007639006
validation,20260809,0.0,8,6,0.16416128700238897,7.208232494958871,1430,1434,1.318400027230382,35.22350004641339
validation,20260809,0.0,8,7,0.08189527817191244,5.959990796207894,1435,1439,1.3054999872110784,35.516099946107715
validation,20260809,0.0,8,8,0.11546393117691811,8.768778683298416,1440,1444,1.2837000540457666,34.82120006810874
validation,20260809,0.0,8,9,0.13342375813839413,7.326609723130759,1445,1449,1.32760003907606,35.14970006654039
validation,20260809,0.0,8,10,0.11722272590079408,7.76283321650236,1450,1454,1.3445999938994646,35.59859993401915
validation,20260809,0.0,8,11,0.09543138062135581,4.882951870567334,1455,1459,1.3928000116720796,35.00749997328967
validation,20260809,0.0,8,12,0.09128377007333277,8.693550231226883,1460,1464,1.6641999827697873,35.8115000417456
validation,20260809,0.0,8,13,0.12061672424929992,7.834024539016669,1465,1469,1.354500011075288,37.53750002942979
validation,20260809,0.0,8,14,0.159044042496574,6.304315836238015,1470,1474,1.338800007943064,35.43860005447641
validation,20260809,0.0,8,15,0.15123848542595564,7.437962001578367,1475,1479,1.3199999812059104,35.376899992115796
validation,20260809,0.0,8,16,0.12071193191646268,9.877533167299958,1480,1484,1.3774000108242035,35.06520000519231
validation,20260809,0.0,8,17,0.10234835611333937,5.743856050531441,1485,1489,1.3411999680101871,35.16299993498251
validation,20260809,0.0,8,18,0.08768618079600599,6.636988295522513,1490,1494,1.332600018940866,35.10379994986579
validation,20260809,0.0,8,19,0.11147313452499541,7.7462588170876385,1495,1499,1.35570002021268,35.62079998664558
validation,20260809,10.0,2,0,0.017562690684875093,2.725907572931048,1500,1504,1.2895999825559556,11.921899975277483
validation,20260809,10.0,2,1,0.2356357119227361,7.480724789699177,1505,1509,1.3239000109024346,11.520700005348772
validation,20260809,10.0,2,2,0.25414513631094005,8.8112868407289,1510,1514,1.1709000100381672,11.494600039441139
validation,20260809,10.0,2,3,0.35504088081702934,7.7460065765519595,1515,1519,1.3116999762132764,11.647599982097745
validation,20260809,10.0,2,4,0.21160098040581873,4.374438929635982,1520,1524,1.3269999762997031,11.573800002224743
validation,20260809,10.0,2,5,0.26293600906989717,9.885889891523789,1525,1529,1.3365999911911786,11.522900080308318
validation,20260809,10.0,2,6,0.2584605084078042,6.324094485961223,1530,1534,1.329899998381734,11.736799962818623
validation,20260809,10.0,2,7,0.14184944062726537,3.2166604106957504,1535,1539,1.2987999944016337,11.722599971108139
validation,20260809,10.0,2,8,0.2146319180267212,7.461973995199891,1540,1544,1.2889999779872596,11.66169997304678
validation,20260809,10.0,2,9,0.38430993711596984,9.419082928632404,1545,1549,1.270800014026463,11.800800042692572
validation,20260809,10.0,2,10,0.23504901019277744,8.716715924259296,1550,1554,1.3144999975338578,11.867400025948882
validation,20260809,10.0,2,11,0.18797348448114948,8.359751027302512,1555,1559,1.3235999504104257,11.855799937620759
validation,20260809,10.0,2,12,0.20830792250199903,10.466736412625584,1560,1564,1.2791999615728855,11.53719995636493
validation,20260809,10.0,2,13,0.20434361794839,5.7879467504732505,1565,1569,1.3167000142857432,11.594599985983223
validation,20260809,10.0,2,14,0.2195836088097226,10.77710810385117,1570,1574,1.3426000368781388,11.620700068306178
validation,20260809,10.0,2,15,0.13067342374919796,3.188964035081269,1575,1579,1.1968000326305628,11.599000019486994
validation,20260809,10.0,2,16,0.2688615256865843,7.681684834774182,1580,1584,1.3121000374667346,11.5609000204131
validation,20260809,10.0,2,17,0.18320341200702975,3.937124789254746,1585,1589,1.2845000019297004,11.434599990025163
validation,20260809,10.0,2,18,0.17503571415114647,9.774542312820756,1590,1594,1.2694000033661723,11.749400000553578
validation,20260809,10.0,2,19,0.4056961245678625,9.164656100215481,1595,1599,1.3047000393271446,11.406700010411441
validation,20260809,10.0,4,0,0.0927238639670177,5.39912205833884,1600,1604,1.2425000313669443,18.465700035449117
validation,20260809,10.0,4,1,0.12773231399424884,7.1693710259892605,1605,1609,1.3032000279054046,18.842399993445724
validation,20260809,10.0,4,2,0.3233064112344065,9.744309555741989,1610,1614,1.3026000233367085,18.56050011701882
validation,20260809,10.0,4,3,0.26210967374672417,6.6364895328516385,1615,1619,1.316599955316633,18.537999945692718
validation,20260809,10.0,4,4,0.08894350626364089,3.8301901415000623,1620,1624,1.2900999863632023,18.673499929718673
validation,20260809,10.0,4,5,0.2703836583031138,10.7148552263012,1625,1629,1.2379999971017241,18.627399986144155
validation,20260809,10.0,4,6,0.21024735028568314,4.985141655334878,1630,1634,1.2826999882236123,18.665899988263845
validation,20260809,10.0,4,7,0.1097012961259439,4.439242321812799,1635,1639,1.2878000270575285,18.87590001570061
validation,20260809,10.0,4,8,0.2540436389835124,10.279454217981147,1640,1644,1.3340999721549451,18.671899917535484
validation,20260809,10.0,4,9,0.1945662329426438,6.870681997953605,1645,1649,1.2630000128410757,18.889599945396185
validation,20260809,10.0,4,10,0.33923996215558155,8.463403467918729,1650,1654,1.3089000131003559,18.687200034037232
validation,20260809,10.0,4,11,0.21306740417619247,5.463196847637281,1655,1659,1.2496999697759748,18.587099970318377
validation,20260809,10.0,4,12,0.24612578241593222,5.1401342714516955,1660,1664,1.3158000074326992,18.54240003740415
validation,20260809,10.0,4,13,0.23557614708570934,5.905689689533892,1665,1669,1.338200003374368,18.913600011728704
validation,20260809,10.0,4,14,0.10850005821485062,4.27983960192415,1670,1674,1.2682999949902296,18.768499954603612
validation,20260809,10.0,4,15,0.10650039724572921,4.340543732265161,1675,1679,1.3209999888204038,18.950300000142306
validation,20260809,10.0,4,16,0.10865295889275564,4.244690153079889,1680,1684,1.3291999930515885,18.466000037733465
validation,20260809,10.0,4,17,0.22598201266976,7.391149684248988,1685,1689,1.3011000119149685,18.547300016507506
validation,20260809,10.0,4,18,0.30663161038963055,9.996059790809959,1690,1694,1.3540999498218298,18.681799934711307
validation,20260809,10.0,4,19,0.1712799582592703,8.281792000579198,1695,1699,1.305099984165281,18.63099995534867
validation,20260809,10.0,8,0,0.24038879699975008,10.590483552156673,1700,1704,1.3233000063337386,34.96870002709329
validation,20260809,10.0,8,1,0.2872693639871192,8.445306645771044,1705,1709,1.3662000419571996,35.02700006356463
validation,20260809,10.0,8,2,0.12459472752940234,5.510329447539298,1710,1714,1.3535000034607947,34.828499949071556
validation,20260809,10.0,8,3,0.21211242588874277,7.955289223906318,1715,1719,1.3578999787569046,35.698199935723096
validation,20260809,10.0,8,4,0.11739346958640914,3.9268900611067448,1720,1724,1.325500023085624,35.18959996290505
validation,20260809,10.0,8,5,0.2064118161761493,6.003546005003887,1725,1729,1.2926000053994358,35.238000040408224
validation,20260809,10.0,8,6,0.23976528150298151,6.9117117470553024,1730,1734,1.3577000354416668,35.43380001792684
validation,20260809,10.0,8,7,0.29649404426858644,6.261745234252032,1735,1739,1.338200003374368,35.64419999020174
validation,20260809,10.0,8,8,0.2150307805073304,5.281570001156957,1740,1744,1.3691000058315694,35.261599987279624
validation,20260809,10.0,8,9,0.14441460391609337,6.348613431580369,1745,1749,1.3441999908536673,34.97380000771955
validation,20260809,10.0,8,10,0.17704935764975974,6.024888435548404,1750,1754,1.3481000205501914,35.173900017980486
validation,20260809,10.0,8,11,0.2658695667864094,7.995017699633032,1755,1759,1.4079000102356076,35.53920000558719
validation,20260809,10.0,8,12,0.22829472694881947,6.381573387448927,1760,1764,1.3251000200398266,34.85219995491207
validation,20260809,10.0,8,13,0.31857302938250315,8.387808788300314,1765,1769,1.3416999718174338,35.477900004480034
validation,20260809,10.0,8,14,0.26423293456499175,9.442357763280633,1770,1774,1.3357999850995839,35.587499965913594
validation,20260809,10.0,8,15,0.21967310901310297,7.927905026784746,1775,1779,1.3809999800287187,35.206599975936115
validation,20260809,10.0,8,16,0.1578324965227842,4.891689368423554,1780,1784,1.356799970380962,37.23100002389401
validation,20260809,10.0,8,17,0.20893023630677512,6.037840305092061,1785,1789,1.2303999974392354,35.68999993149191
validation,20260809,10.0,8,18,0.28297368953555946,8.653168543636248,1790,1794,1.3817999861203134,34.8682000185363
validation,20260809,10.0,8,19,0.27988854566935806,7.120561692625495,1795,1799,1.2954999692738056,35.216999938711524
validation,20260809,20.0,2,0,0.21036700456624213,5.857383845650091,1800,1804,1.2937000137753785,12.086300004739314
validation,20260809,20.0,2,1,0.36065868906751297,9.987058902174178,1805,1809,1.347100012935698,11.963100056163967
validation,20260809,20.0,2,2,0.10939148277635369,6.233466024672415,1810,1814,1.306299993302673,11.546699970494956
validation,20260809,20.0,2,3,0.25485565130891796,5.158544204881192,1815,1819,1.294699963182211,12.009599944576621
validation,20260809,20.0,2,4,0.08520821812367148,5.5930529487252105,1820,1824,1.2841999996453524,11.83210004819557
validation,20260809,20.0,2,5,0.1938060849286088,8.40856184110034,1825,1829,1.2954000267200172,11.591800022870302
validation,20260809,20.0,2,6,0.14876205077601423,5.386779712438984,1830,1834,1.2362999841570854,11.999799986369908
validation,20260809,20.0,2,7,0.2984596630962535,8.848176511207868,1835,1839,1.266100036446005,11.708000034559518
validation,20260809,20.0,2,8,0.19764506846306423,6.863184243425047,1840,1844,1.2738000368699431,11.666000063996762
validation,20260809,20.0,2,9,0.3166315511595236,8.048890852864073,1845,1849,1.30540004465729,11.67350000469014
validation,20260809,20.0,2,10,0.11396596704462891,4.250710958693086,1850,1854,1.2937000137753785,11.506000009831041
validation,20260809,20.0,2,11,0.24470095821620302,7.0311691732531605,1855,1859,1.3327999622561038,11.696400004439056
validation,20260809,20.0,2,12,0.17288348690581343,9.399859710894745,1860,1864,1.3183000264689326,11.78030000301078
validation,20260809,20.0,2,13,0.316294101787241,8.821879004276408,1865,1869,1.3664999860338867,11.86009997036308
validation,20260809,20.0,2,14,0.2838279754243513,9.878967688689944,1870,1874,1.3666999875567853,12.047800002619624
validation,20260809,20.0,2,15,0.4357240468000246,8.957534699605553,1875,1879,1.302399963606149,11.702699935995042
validation,20260809,20.0,2,16,0.33837429962613685,10.636321495457208,1880,1884,1.325500023085624,11.354400019627064
validation,20260809,20.0,2,17,0.14304451970948392,2.3570836284209777,1885,1889,1.3885999796912074,11.61119993776083
validation,20260809,20.0,2,18,0.24100172243857695,4.643231417654207,1890,1894,1.3090999564155936,11.877199984155595
validation,20260809,20.0,2,19,0.312425513407993,11.026905904978182,1895,1899,1.2444999883882701,11.525999987497926
validation,20260809,20.0,4,0,0.38749069723986146,8.948567845535727,1900,1904,1.2969000381417572,18.60030001262203
validation,20260809,20.0,4,1,0.21492366150422526,6.250436874984805,1905,1909,1.3557999627664685,18.883599957916886
validation,20260809,20.0,4,2,0.24418245954368684,5.313922492205032,1910,1914,1.2432000366970897,18.78220000071451
validation,20260809,20.0,4,3,0.07877412694522654,5.378970530888955,1915,1919,1.2925000046379864,18.598100112285465
validation,20260809,20.0,4,4,0.24439809367615428,6.874310542373288,1920,1924,1.264000020455569,18.968300078995526
validation,20260809,20.0,4,5,0.20715721903213868,7.9398865627419415,1925,1929,1.3197999796830118,18.668999953661114
validation,20260809,20.0,4,6,0.2577143324920278,6.562194338125108,1930,1934,1.269600004889071,18.46690004458651
validation,20260809,20.0,4,7,0.3206245562635671,10.543507769246188,1935,1939,1.2583999778144062,18.953599967062473
validation,20260809,20.0,4,8,0.31327936931331707,10.67119239728056,1940,1944,1.272000023163855,18.761300074402243
validation,20260809,20.0,4,9,0.20632211322106409,5.036552249116925,1945,1949,1.33350002579391,18.51600006921217
validation,20260809,20.0,4,10,0.2340033557915403,8.104065714906612,1950,1954,1.2799000251106918,18.660200003068894
validation,20260809,20.0,4,11,0.15311697496583765,7.189173596482654,1955,1959,1.2922000023536384,18.968700023833662
validation,20260809,20.0,4,12,0.18428798880252295,9.472540444178172,1960,1964,1.283799996599555,18.502700026147068
validation,20260809,20.0,4,13,0.26389204081866774,9.269647183702883,1965,1969,1.278200012166053,18.81480001611635
validation,20260809,20.0,4,14,0.32362515060968866,9.239167205552814,1970,1974,1.4230000087991357,19.05800000531599
validation,20260809,20.0,4,15,0.24976871284998828,5.8432325562118885,1975,1979,1.2705999542959034,18.555999908130616
validation,20260809,20.0,4,16,0.07198248081055983,3.0677430765811433,1980,1984,1.3299999991431832,18.562599958386272
validation,20260809,20.0,4,17,0.249947812918504,6.254768148227979,1985,1989,1.3290000497363508,18.522400059737265
validation,20260809,20.0,4,18,0.18298271448500175,5.126237700482664,1990,1994,1.319299975875765,18.940399982966483
validation,20260809,20.0,4,19,0.32082046456323327,9.365000691688472,1995,1999,1.292400003876537,18.877600028645247
validation,20260809,20.0,8,0,0.1717909768505936,4.401416125816756,2000,2004,1.3282999861985445,35.03820003243163
validation,20260809,20.0,8,1,0.25527556493555126,5.0476649833798115,2005,2009,1.2691000010818243,35.164999950211495
validation,20260809,20.0,8,2,0.11596235514281983,4.692908136161664,2010,2014,1.369300007354468,35.28719994938001
validation,20260809,20.0,8,3,0.16355378243247642,5.36526653184972,2015,2019,1.3104999670758843,35.209399939049035
validation,20260809,20.0,8,4,0.30170241778537277,6.946709530592178,2020,2024,1.4033999759703875,35.11399996932596
validation,20260809,20.0,8,5,0.1555279754992171,4.579102397484474,2025,2029,1.348000019788742,34.8490999895148
validation,20260809,20.0,8,6,0.28643560830068954,8.205810630762464,2030,2034,1.4060999965295196,35.61519994400442
validation,20260809,20.0,8,7,0.2460488916929611,4.9902287685387225,2035,2039,1.3380000018514693,34.99209997244179
validation,20260809,20.0,8,8,0.19105876899574253,8.913749745846939,2040,2044,1.278200012166053,35.16140003921464
validation,20260809,20.0,8,9,0.2291239499402853,6.951315640644902,2045,2049,1.3321999576874077,35.277399932965636
validation,20260809,20.0,8,10,0.330379744411543,10.169261019410829,2050,2054,1.3442999916151166,35.17899999860674
validation,20260809,20.0,8,11,0.20445684847984158,6.487568530076832,2055,2059,1.3747999910265207,35.65819998038933
validation,20260809,20.0,8,12,0.28796691806224617,8.641401236913719,2060,2064,1.324599958024919,35.40979995159432
validation,20260809,20.0,8,13,0.2607765006059078,6.972889745239301,2065,2069,1.2919000000692904,36.27419995609671
validation,20260809,20.0,8,14,0.166313509196199,4.678131018020923,2070,2074,1.2799000251106918,36.12050006631762
validation,20260809,20.0,8,15,0.1983555433424281,5.459551709950595,2075,2079,1.3890000409446657,37.14250004850328
validation,20260809,20.0,8,16,0.3734821094146019,10.275529150269836,2080,2084,1.2986999936401844,36.27000004053116
validation,20260809,20.0,8,17,0.25806556594163643,7.06659171374651,2085,2089,1.431400014553219,36.27119999146089
validation,20260809,20.0,8,18,0.277830612890272,8.33341983492148,2090,2094,1.367799995932728,36.13079997012392
validation,20260809,20.0,8,19,0.25337325956486034,8.303722188976394,2095,2099,1.350299979094416,35.8915000106208
validation,20260809,30.0,2,0,0.49460867800030217,9.457516119524776,2100,2104,1.3317999546416104,11.897499905899167
validation,20260809,30.0,2,1,0.16331509119398563,5.962225009308155,2105,2109,1.2879000278189778,11.833800002932549
validation,20260809,30.0,2,2,0.2826935169673063,8.616724147341891,2110,2114,1.255100010894239,10.988200025167316
validation,20260809,30.0,2,3,0.2905037400338144,8.092994183762121,2115,2119,1.3414999702945352,11.718800000380725
validation,20260809,30.0,2,4,0.34500591109426293,9.731925118137337,2120,2124,1.2662000372074544,11.492000077851117
validation,20260809,30.0,2,5,0.08774318137400433,5.373624597887703,2125,2129,1.3575999764725566,11.716699984390289
validation,20260809,30.0,2,6,0.29480950527187133,13.505009554467836,2130,2134,1.3147000572644174,11.607799970079213
validation,20260809,30.0,2,7,0.2243871533480295,8.90585858436516,2135,2139,1.3321000151336193,11.876400036271662
validation,20260809,30.0,2,8,0.03960542771207024,2.2186808871582393,2140,2144,1.285000005736947,11.641999939456582
validation,20260809,30.0,2,9,0.10395803471176109,3.365928274106796,2145,2149,1.2728000292554498,11.55500003369525
validation,20260809,30.0,2,10,0.24076090395147054,9.400906154677568,2150,2154,1.317500020377338,11.59370003733784
validation,20260809,30.0,2,11,0.3584691915877085,12.10365375204147,2155,2159,1.325500023085624,11.992000043392181
validation,20260809,30.0,2,12,0.37944385119810625,7.755061399659363,2160,2164,1.336999994236976,11.874399962835014
validation,20260809,30.0,2,13,0.24283630942868448,7.2801023052294696,2165,2169,1.2963000335730612,11.81150006595999
validation,20260809,30.0,2,14,0.038994197881874894,2.3127994565643597,2170,2174,1.3218999956734478,11.825699941255152
validation,20260809,30.0,2,15,0.43854688048526236,15.850225881062649,2175,2179,1.2497000279836357,11.780500004533678
validation,20260809,30.0,2,16,0.3200065905974962,14.27316360597657,2180,2184,1.3291999930515885,11.61729998420924
validation,20260809,30.0,2,17,0.336328573627336,8.443666505323442,2185,2189,1.3046000385656953,11.594800045713782
validation,20260809,30.0,2,18,0.08927051511843835,3.44995344054505,2190,2194,1.3227000017650425,11.597000004258007
validation,20260809,30.0,2,19,0.3501223124031493,9.397474450830579,2195,2199,1.3281999854370952,11.655999987851828
validation,20260809,30.0,4,0,0.1213011637388639,2.9460345267633468,2200,2204,1.3384000048972666,18.609799968544394
validation,20260809,30.0,4,1,0.15369723833294097,4.95294266589259,2205,2209,1.2734000338241458,18.977300089318305
validation,20260809,30.0,4,2,0.2553240988728605,9.209206388364986,2210,2214,1.318099966738373,18.90369999455288
validation,20260809,30.0,4,3,0.26684025657884636,6.948016877958712,2215,2219,1.3326999614946544,18.536599935032427
validation,20260809,30.0,4,4,0.05037848081953762,2.792043158979217,2220,2224,1.3312000082805753,18.687699979636818
validation,20260809,30.0,4,5,0.1538934301793154,6.002703486835066,2225,2229,1.338200003374368,18.578500021249056
validation,20260809,30.0,4,6,0.20435051195708456,9.047949327562716,2230,2234,1.3276999816298485,18.62089999485761
validation,20260809,30.0,4,7,0.22506255767370084,8.948229701063548,2235,2239,1.331400009803474,19.091299967840314
validation,20260809,30.0,4,8,0.11610287784963433,6.383791078436332,2240,2244,1.2900999863632023,18.543099984526634
validation,20260809,30.0,4,9,0.26283400706564913,5.27055903823962,2245,2249,1.2301999959163368,18.889900005888194
validation,20260809,30.0,4,10,0.30910773236568345,9.46153107153866,2250,2254,1.3358999858610332,18.816000025253743
validation,20260809,30.0,4,11,0.18247260752603872,4.479556739630623,2255,2259,1.3117999769747257,18.605199991725385
validation,20260809,30.0,4,12,0.3183606583680241,5.561300648311597,2260,2264,1.2970000389032066,18.69520009495318
validation,20260809,30.0,4,13,0.1622628549071486,5.320430468017072,2265,2269,1.34379998780787,18.62839999375865
validation,20260809,30.0,4,14,0.22481198158046994,5.416356890584238,2270,2274,1.343499985523522,19.03239998500794
validation,20260809,30.0,4,15,0.2316289470027942,7.226232072685301,2275,2279,1.3139000511728227,18.702200090046972
validation,20260809,30.0,4,16,0.36381426934314315,7.982374551554246,2280,2284,1.3075000024400651,18.484999949578196
validation,20260809,30.0,4,17,0.12575237088723748,5.148658721420209,2285,2289,1.280499971471727,18.752899952232838
validation,20260809,30.0,4,18,0.10508628188702711,4.216657688543037,2290,2294,1.2428000336512923,18.486500077415258
validation,20260809,30.0,4,19,0.13602931229972087,5.659437482744225,2295,2299,1.3423000345937908,18.80730001721531
validation,20260809,30.0,8,0,0.28080711461214625,6.786534187442776,2300,2304,1.303899975027889,36.17119992850348
validation,20260809,30.0,8,1,0.2237704966768409,9.008642310490966,2305,2309,1.38819997664541,35.725199966691434
validation,20260809,30.0,8,2,0.1431155118678204,5.738880710256036,2310,2314,1.3401000178419054,35.09210015181452
validation,20260809,30.0,8,3,0.2742014444556081,8.429789501137286,2315,2319,1.3220999971963465,34.85139994882047
validation,20260809,30.0,8,4,0.26382771657175474,6.268799595046825,2320,2324,1.3308999477885664,35.34409997519106
validation,20260809,30.0,8,5,0.20377330523456655,7.423879871487911,2325,2329,1.2333000195212662,34.95800000382587
validation,20260809,30.0,8,6,0.11056019560080989,3.5357046430451042,2330,2334,1.445600006263703,35.99710011621937
validation,20260809,30.0,8,7,0.2306533969270375,6.719640046197664,2335,2339,1.3516999897547066,35.951599944382906
validation,20260809,30.0,8,8,0.3081679746131073,10.111912611867584,2340,2344,1.3337999698705971,35.02019995357841
validation,20260809,30.0,8,9,0.33361299645520937,9.780480767312488,2345,2349,1.3425000361166894,34.897200064733624
validation,20260809,30.0,8,10,0.295885863227273,8.060417893643628,2350,2354,1.4034999767318368,35.61629995238036
validation,20260809,30.0,8,11,0.265497244643386,5.901802855321845,2355,2359,1.5004000160843134,36.12489998340607
validation,20260809,30.0,8,12,0.15104461114789725,5.6002834696624095,2360,2364,1.336999994236976,35.718800034374
validation,20260809,30.0,8,13,0.1885809352570772,6.5244198242385645,2365,2369,1.3496999745257199,34.88159994594753
validation,20260809,30.0,8,14,0.2434164107229721,8.926401165655314,2370,2374,1.3577000354416668,35.78989999368787
validation,20260809,30.0,8,15,0.2643427440344707,7.700066056751755,2375,2379,1.352400053292513,35.006599966436625
validation,20260809,30.0,8,16,0.20117837847743786,5.72530331225312,2380,2384,1.332300016656518,35.46759998425841
validation,20260809,30.0,8,17,0.1377961649116798,5.1257149742167245,2385,2389,1.260399993043393,35.62859998783097
validation,20260809,30.0,8,18,0.23613593070701222,6.18709073414564,2390,2394,1.4460999518632889,35.760399943683296
validation,20260809,30.0,8,19,0.13521318684612244,7.82571230108634,2395,2399,1.3770000077784061,35.189000016544014
