profile,seed,sample_index,snr_db,l_value,source_alpha,delay_alpha,angle_alpha,estimator_mode,grid_channel_nmse_db,trained_refinement_channel_nmse_db,trained_refinement_gain_vs_grid_db,grid_physical_delay_rmse_ns,trained_refinement_physical_delay_rmse_ns,physical_delay_rmse_reduction_vs_grid_ns,grid_projected_broadside_angle_rmse_deg,trained_refinement_projected_broadside_angle_rmse_deg,projected_angle_rmse_reduction_vs_grid_deg,matched_physical_paths,support_recall,topk_energy_efficiency
A,20260626.0,0.0,0.0,4.0,0.6419195571509573,0.6419195571509573,0.0,axis-ablation-not-paper-estimator,-5.952864856228301,-9.491963380039932,3.5390985238116315,59.15706670988463,36.32354541880299,22.833521291081638,20.69247135283536,20.69247135283536,0.0,4.0,1.0,1.0000000000000002
A,20260626.0,1.0,0.0,4.0,0.6419195571509573,0.6419195571509573,0.0,axis-ablation-not-paper-estimator,-5.279474864592938,-7.9190648945072715,2.6395900299143333,131.7553139986205,128.7704645100565,2.984849488563981,24.185727784940372,24.185727784940372,0.0,4.0,0.75,0.9507974595595364
A,20260626.0,2.0,0.0,4.0,0.6419195571509573,0.6419195571509573,0.0,axis-ablation-not-paper-estimator,-8.463244902121298,-11.851097875086678,3.38785297296538,139.41839688930034,126.48158360427743,12.936813285022907,30.068375027377886,30.068375027377886,0.0,4.0,1.0,1.0
A,20260626.0,3.0,0.0,4.0,0.6419195571509573,0.6419195571509573,0.0,axis-ablation-not-paper-estimator,-10.182335196813636,-14.527077213115602,4.344742016301966,131.37495362987147,107.3339286683522,24.04102496151927,27.16867262672115,27.16867262672115,0.0,4.0,1.0,1.0
A,20260626.0,0.0,0.0,8.0,0.6419195571509573,0.6419195571509573,0.0,axis-ablation-not-paper-estimator,-8.299767790384657,-13.343830089640374,5.044062299255717,101.80861751720586,105.80127273967005,-3.992655222464194,38.87565600324758,38.87565600324758,0.0,8.0,0.875,0.9950200472433427
A,20260626.0,1.0,0.0,8.0,0.6419195571509573,0.6419195571509573,0.0,axis-ablation-not-paper-estimator,-6.973317407483015,-10.367405599067936,3.3940881915849213,846.7258821697908,845.4050265569747,1.3208556128161035,34.022507710043804,19.759450981254144,14.26305672878966,8.0,0.875,0.982744392304661
A,20260626.0,2.0,0.0,8.0,0.6419195571509573,0.6419195571509573,0.0,axis-ablation-not-paper-estimator,-8.43236205659934,-10.388455804519163,1.956093747919823,1180.4573054869245,1173.0956982005418,7.36160728638265,35.19697310369493,35.19697310369493,0.0,8.0,0.875,0.976024886106226
A,20260626.0,3.0,0.0,8.0,0.6419195571509573,0.6419195571509573,0.0,axis-ablation-not-paper-estimator,-8.282911677803384,-10.072667620086138,1.7897559422827545,1758.0109551478254,1762.0336389741965,-4.0226838263711215,42.921796322266836,42.921796322266836,0.0,8.0,0.625,0.9747617220268397
A,20260626.0,0.0,0.0,16.0,0.6419195571509573,0.6419195571509573,0.0,axis-ablation-not-paper-estimator,-6.321456710413548,-8.221303948104833,1.8998472376912847,1579.2398853548557,1576.546030360102,2.693854994753792,29.661761689659098,29.661761689659098,0.0,16.0,0.5625,0.9571730744614616
A,20260626.0,1.0,0.0,16.0,0.6419195571509573,0.6419195571509573,0.0,axis-ablation-not-paper-estimator,-5.207230413424008,-6.666569847258282,1.4593394338342742,1457.3670003952336,1456.3064495940441,1.0605508011894926,35.01039705579687,35.01039705579687,0.0,16.0,0.5625,0.9327559286132298
A,20260626.0,2.0,0.0,16.0,0.6419195571509573,0.6419195571509573,0.0,axis-ablation-not-paper-estimator,-6.323970291106857,-7.440073877893171,1.1161035867863145,1392.961863862876,1394.371579954211,-1.4097160913349853,38.70875621260965,38.70875621260965,0.0,16.0,0.5625,0.9691418243795575
A,20260626.0,3.0,0.0,16.0,0.6419195571509573,0.6419195571509573,0.0,axis-ablation-not-paper-estimator,-5.764097168469574,-6.675743119727352,0.9116459512577784,1853.5466371048067,1851.3253791242382,2.2212579805684527,32.24158069017216,32.24158069017216,0.0,16.0,0.375,0.9562074083417728
A,20260626.0,0.0,10.0,4.0,0.6419195571509573,0.6419195571509573,0.0,axis-ablation-not-paper-estimator,-6.076400383176249,-9.86216719913522,3.7857668159589704,59.15706670988463,36.32354541880299,22.833521291081638,20.69247135283536,20.69247135283536,0.0,4.0,1.0,1.0000000000000002
A,20260626.0,1.0,10.0,4.0,0.6419195571509573,0.6419195571509573,0.0,axis-ablation-not-paper-estimator,-5.82680027238586,-8.681623982191587,2.8548237098057268,50.17634894862213,54.47531232062638,-4.298963372004252,19.338980267934854,19.338980267934854,0.0,4.0,0.5,0.961528729214629
A,20260626.0,2.0,10.0,4.0,0.6419195571509573,0.6419195571509573,0.0,axis-ablation-not-paper-estimator,-8.949308472260867,-13.007123594598406,4.057815122337539,139.41839688930034,126.48158360427743,12.936813285022907,30.068375027377886,30.068375027377886,0.0,4.0,1.0,1.0
A,20260626.0,3.0,10.0,4.0,0.6419195571509573,0.6419195571509573,0.0,axis-ablation-not-paper-estimator,-10.799016457681056,-15.85736002980709,5.058343572126034,131.37495362987147,126.51373384463457,4.861219785236898,27.16867262672115,27.16867262672115,0.0,4.0,1.0,1.0
A,20260626.0,0.0,10.0,8.0,0.6419195571509573,0.6419195571509573,0.0,axis-ablation-not-paper-estimator,-9.16189120792826,-18.14483194670215,8.982940738773891,81.73585519635351,75.26760667576323,6.468248520590279,20.901409526430783,20.901409526430783,0.0,8.0,0.875,0.9958478422819005
A,20260626.0,1.0,10.0,8.0,0.6419195571509573,0.6419195571509573,0.0,axis-ablation-not-paper-estimator,-9.06219474176723,-17.289646677369596,8.227451935602366,106.22945760370924,113.5526984057431,-7.323240802033865,22.558583969708284,16.261398007645955,6.297185962062329,8.0,0.875,0.9973864501961567
A,20260626.0,2.0,10.0,8.0,0.6419195571509573,0.6419195571509573,0.0,axis-ablation-not-paper-estimator,-11.516501805161807,-20.660682363747227,9.14418055858542,160.11988060801826,149.43657162552083,10.683308982497437,27.258413315091886,27.258413315091886,0.0,8.0,1.0,1.0
A,20260626.0,3.0,10.0,8.0,0.6419195571509573,0.6419195571509573,0.0,axis-ablation-not-paper-estimator,-12.838604756867102,-19.27501255880489,6.436407801937786,160.90919495371045,159.1084644453066,1.8007305084038592,35.90229090477201,35.90229090477201,0.0,8.0,0.875,0.9973700993190084
A,20260626.0,0.0,10.0,16.0,0.6419195571509573,0.6419195571509573,0.0,axis-ablation-not-paper-estimator,-11.397241756407466,-18.86840968313088,7.471167926723416,260.48313122095385,273.52185182865855,-13.038720607704704,31.0464200549196,31.0464200549196,0.0,16.0,0.875,0.9937659480071227
A,20260626.0,1.0,10.0,16.0,0.6419195571509573,0.6419195571509573,0.0,axis-ablation-not-paper-estimator,-12.083157502728298,-19.088164450845486,7.005006948117188,188.07311727756095,196.37129694332697,-8.298179665766014,31.636473825197722,31.636473825197722,0.0,16.0,0.9375,0.9971250003646335
A,20260626.0,2.0,10.0,16.0,0.6419195571509573,0.6419195571509573,0.0,axis-ablation-not-paper-estimator,-13.381211843336175,-19.861814288534674,6.4806024451985,346.34793538740826,342.7932489074339,3.5546864799743503,27.493900660246474,24.26349583456605,3.2304048256804236,16.0,0.875,0.9963570525090787
A,20260626.0,3.0,10.0,16.0,0.6419195571509573,0.6419195571509573,0.0,axis-ablation-not-paper-estimator,-13.618869010688726,-17.43962747746544,3.820758466776713,1245.5805239474896,1244.1302573127987,1.4502666346909336,31.920544176245514,31.920544176245514,0.0,16.0,0.6875,0.9918944738169921
A,20260626.0,0.0,20.0,4.0,0.6419195571509573,0.6419195571509573,0.0,axis-ablation-not-paper-estimator,-6.09166042537913,-9.904639022157284,3.8129785967781533,59.15706670988463,36.32354541880299,22.833521291081638,20.69247135283536,20.69247135283536,0.0,4.0,1.0,1.0000000000000002
A,20260626.0,1.0,20.0,4.0,0.6419195571509573,0.6419195571509573,0.0,axis-ablation-not-paper-estimator,-6.408411918099563,-10.104178450988638,3.695766532889075,105.13240290451972,88.34290765378066,16.789495250739066,24.185727784940372,24.185727784940372,0.0,4.0,1.0,1.0
A,20260626.0,2.0,20.0,4.0,0.6419195571509573,0.6419195571509573,0.0,axis-ablation-not-paper-estimator,-8.959807805839397,-13.019220027434457,4.0594122215950605,139.41839688930034,126.48158360427743,12.936813285022907,30.068375027377886,30.068375027377886,0.0,4.0,1.0,1.0
A,20260626.0,3.0,20.0,4.0,0.6419195571509573,0.6419195571509573,0.0,axis-ablation-not-paper-estimator,-10.911761992116896,-16.192441631695814,5.280679639578919,131.37495362987147,126.51373384463457,4.861219785236898,27.16867262672115,27.16867262672115,0.0,4.0,1.0,1.0
A,20260626.0,0.0,20.0,8.0,0.6419195571509573,0.6419195571509573,0.0,axis-ablation-not-paper-estimator,-9.3610485256157,-17.47522089364819,8.114172368032488,81.0223450310025,74.08434285289775,6.938002178104753,42.18360080483876,42.18360080483876,0.0,8.0,1.0,1.0000000000000002
A,20260626.0,1.0,20.0,8.0,0.6419195571509573,0.6419195571509573,0.0,axis-ablation-not-paper-estimator,-9.3113142971795,-18.056598801420456,8.745284504240956,89.80155962002526,85.765539261083,4.0360203589422525,19.759450981254144,19.759450981254144,0.0,8.0,1.0,1.0
A,20260626.0,2.0,20.0,8.0,0.6419195571509573,0.6419195571509573,0.0,axis-ablation-not-paper-estimator,-11.688425593160192,-22.711947045792655,11.023521452632464,160.11988060801826,149.43657162552083,10.683308982497437,27.258413315091886,27.258413315091886,0.0,8.0,1.0,1.0
A,20260626.0,3.0,20.0,8.0,0.6419195571509573,0.6419195571509573,0.0,axis-ablation-not-paper-estimator,-13.32079815614402,-19.015612771945932,5.694814615801912,220.7846336284422,225.19559637053013,-4.410962742087918,40.18034646713547,39.941836420919365,0.23851004621610628,8.0,1.0,1.0
A,20260626.0,0.0,20.0,16.0,0.6419195571509573,0.6419195571509573,0.0,axis-ablation-not-paper-estimator,-12.20252184182959,-21.54276191763641,9.340240075806818,258.00191538977964,273.78811034071816,-15.786194950938523,20.713497281813044,20.713497281813044,0.0,16.0,0.9375,0.9999500132955814
A,20260626.0,1.0,20.0,16.0,0.6419195571509573,0.6419195571509573,0.0,axis-ablation-not-paper-estimator,-12.906032542725345,-24.733733333857572,11.827700791132226,208.98422760877835,220.9359270791764,-11.95169947039804,28.75448655409127,18.53814053063814,10.216346023453127,16.0,1.0,1.0000000000000002
A,20260626.0,2.0,20.0,16.0,0.6419195571509573,0.6419195571509573,0.0,axis-ablation-not-paper-estimator,-14.340240068490438,-26.765059517730784,12.424819449240346,275.6392199035204,277.9406376240506,-2.301417720530196,28.33078992150087,27.41114930207151,0.9196406194293587,16.0,0.9375,0.9985429013265908
A,20260626.0,3.0,20.0,16.0,0.6419195571509573,0.6419195571509573,0.0,axis-ablation-not-paper-estimator,-15.735338025516608,-24.638942557915527,8.90360453239892,329.2734920737059,340.7463462754811,-11.472854201775192,30.18747873721134,27.94620701244356,2.241271724767781,16.0,0.8125,0.9980195217045161
A,20260626.0,0.0,30.0,4.0,0.6419195571509573,0.6419195571509573,0.0,axis-ablation-not-paper-estimator,-6.097751881946676,-9.918477140403485,3.820725258456809,59.15706670988463,36.32354541880299,22.833521291081638,20.69247135283536,20.69247135283536,0.0,4.0,1.0,1.0000000000000002
A,20260626.0,1.0,30.0,4.0,0.6419195571509573,0.6419195571509573,0.0,axis-ablation-not-paper-estimator,-6.4123978315909955,-10.112885312000943,3.7004874804099472,105.13240290451972,88.34290765378066,16.789495250739066,24.185727784940372,24.185727784940372,0.0,4.0,1.0,1.0
A,20260626.0,2.0,30.0,4.0,0.6419195571509573,0.6419195571509573,0.0,axis-ablation-not-paper-estimator,-8.968104383715144,-13.040808165858113,4.07270378214297,139.41839688930034,126.48158360427743,12.936813285022907,30.068375027377886,30.068375027377886,0.0,4.0,1.0,1.0
A,20260626.0,3.0,30.0,4.0,0.6419195571509573,0.6419195571509573,0.0,axis-ablation-not-paper-estimator,-10.91810197920144,-16.21465498614957,5.296553006948129,131.37495362987147,126.51373384463457,4.861219785236898,27.16867262672115,27.16867262672115,0.0,4.0,1.0,1.0
A,20260626.0,0.0,30.0,8.0,0.6419195571509573,0.6419195571509573,0.0,axis-ablation-not-paper-estimator,-9.378000695731172,-17.578812903671515,8.200812207940343,81.0223450310025,74.08434285289775,6.938002178104753,42.18360080483876,42.18360080483876,0.0,8.0,1.0,1.0000000000000002
A,20260626.0,1.0,30.0,8.0,0.6419195571509573,0.6419195571509573,0.0,axis-ablation-not-paper-estimator,-9.326306779272329,-18.147612936288585,8.821306157016256,89.80155962002526,85.765539261083,4.0360203589422525,19.759450981254144,19.759450981254144,0.0,8.0,1.0,1.0
A,20260626.0,2.0,30.0,8.0,0.6419195571509573,0.6419195571509573,0.0,axis-ablation-not-paper-estimator,-11.711661759423155,-23.04221913500148,11.330557375578326,160.11988060801826,149.43657162552083,10.683308982497437,27.258413315091886,27.258413315091886,0.0,8.0,1.0,1.0
A,20260626.0,3.0,30.0,8.0,0.6419195571509573,0.6419195571509573,0.0,axis-ablation-not-paper-estimator,-13.350117928981236,-19.137006397538645,5.786888468557409,220.7846336284422,225.19559637053013,-4.410962742087918,40.18034646713547,39.941836420919365,0.23851004621610628,8.0,1.0,1.0
A,20260626.0,0.0,30.0,16.0,0.6419195571509573,0.6419195571509573,0.0,axis-ablation-not-paper-estimator,-12.245581440843656,-22.436731326385946,10.19114988554229,232.44784784939634,247.97833059142175,-15.530482742025413,29.568770755084547,29.568770755084547,0.0,16.0,0.875,0.9996990611679495
A,20260626.0,1.0,30.0,16.0,0.6419195571509573,0.6419195571509573,0.0,axis-ablation-not-paper-estimator,-12.961433568967296,-25.814077692321074,12.852644123353778,208.98422760877835,220.9359270791764,-11.95169947039804,28.75448655409127,18.53814053063814,10.216346023453127,16.0,1.0,1.0000000000000002
A,20260626.0,2.0,30.0,16.0,0.6419195571509573,0.6419195571509573,0.0,axis-ablation-not-paper-estimator,-14.627566744470988,-29.54144787103372,14.913881126562734,279.09129503379495,276.19693589872355,2.8943591350713973,21.82632539170291,21.82632539170291,0.0,16.0,1.0,1.0000000000000002
A,20260626.0,3.0,30.0,16.0,0.6419195571509573,0.6419195571509573,0.0,axis-ablation-not-paper-estimator,-16.18360081123236,-24.244687424467926,8.061086613235567,359.79006615295714,367.3102650823715,-7.5201989294143345,28.680996783301957,28.680996783301957,0.0,16.0,1.0,1.0000000000000002
A,20260627.0,0.0,0.0,4.0,0.6419195571509573,0.6419195571509573,0.0,axis-ablation-not-paper-estimator,-6.766793556191773,-10.718871326622972,3.952077770431199,68.5523751852662,41.386618047594325,27.165757137671875,17.058252561413962,17.058252561413962,0.0,4.0,1.0,0.9999999999999999
A,20260627.0,1.0,0.0,4.0,0.6419195571509573,0.6419195571509573,0.0,axis-ablation-not-paper-estimator,-7.6949841099985345,-11.511809791880669,3.8168256818821344,114.42669196461893,96.5975046206486,17.829187343970318,44.24239270161041,44.24239270161041,0.0,4.0,0.75,0.9850808098123397
A,20260627.0,2.0,0.0,4.0,0.6419195571509573,0.6419195571509573,0.0,axis-ablation-not-paper-estimator,-5.884475569094391,-10.370934820861379,4.486459251766988,59.15706670988463,25.714926996906186,33.442139712978445,20.636865329112773,20.636865329112773,0.0,4.0,1.0,0.9999999999999999
A,20260627.0,3.0,0.0,4.0,0.6419195571509573,0.6419195571509573,0.0,axis-ablation-not-paper-estimator,-6.690402103166377,-10.449687392839,3.759285289672622,105.13240290451972,97.47089047638792,7.6615124281318,22.79215236657612,22.79215236657612,0.0,4.0,0.75,0.9881098203037237
A,20260627.0,0.0,0.0,8.0,0.6419195571509573,0.6419195571509573,0.0,axis-ablation-not-paper-estimator,-7.649450856431811,-10.369686251396013,2.7202353949642024,722.4972375271124,721.4570927997711,1.0401447273412714,50.33322274545666,50.32535899112612,0.00786375433053621,8.0,0.75,0.967446276052563
A,20260627.0,1.0,0.0,8.0,0.6419195571509573,0.6419195571509573,0.0,axis-ablation-not-paper-estimator,-7.3976401885279275,-10.774847945890313,3.3772077573623855,1312.3094664643997,1318.7054150705198,-6.3959486061201005,30.161914600029508,30.161914600029508,0.0,8.0,0.625,0.9518934513717083
A,20260627.0,2.0,0.0,8.0,0.6419195571509573,0.6419195571509573,0.0,axis-ablation-not-paper-estimator,-6.665148508639959,-10.849137793183345,4.183989284543387,939.1666450919885,938.1099948965415,1.0566501954469913,35.89818288502581,35.70315345287111,0.1950294321546977,8.0,0.875,0.9727425757495182
A,20260627.0,3.0,0.0,8.0,0.6419195571509573,0.6419195571509573,0.0,axis-ablation-not-paper-estimator,-7.359978644322171,-11.072502785998793,3.7125241416766226,1000.0163744427055,997.7339350292548,2.2824394134506747,40.66597774328609,40.71475488707682,-0.04877714379072984,8.0,0.75,0.9515087337864452
A,20260627.0,0.0,0.0,16.0,0.6419195571509573,0.6419195571509573,0.0,axis-ablation-not-paper-estimator,-6.460240423461677,-8.19620130862257,1.7359608851608925,966.4526736122334,959.9874569827729,6.465216629460542,30.40112972864636,33.16040052179614,-2.7592707931497813,16.0,0.625,0.9399930889694847
A,20260627.0,1.0,0.0,16.0,0.6419195571509573,0.6419195571509573,0.0,axis-ablation-not-paper-estimator,-6.090135520973183,-6.955970521221233,0.8658350002480502,1491.6716148606547,1503.4456225725519,-11.774007711897184,41.04895134379199,41.04895134379199,0.0,16.0,0.5,0.9493797049888617
A,20260627.0,2.0,0.0,16.0,0.6419195571509573,0.6419195571509573,0.0,axis-ablation-not-paper-estimator,-6.299108378191995,-7.861107393602566,1.5619990154105707,733.9499888547966,735.6252338955904,-1.6752450407938113,21.914459662243598,22.77440135283473,-0.8599416905911319,16.0,0.625,0.9661835145785099
A,20260627.0,3.0,0.0,16.0,0.6419195571509573,0.6419195571509573,0.0,axis-ablation-not-paper-estimator,-6.9010640325711305,-8.059785174317945,1.1587211417468142,909.1336727604388,903.5509064432404,5.582766317198434,31.21433507880713,31.21433507880713,0.0,16.0,0.625,0.962219640228894
A,20260627.0,0.0,10.0,4.0,0.6419195571509573,0.6419195571509573,0.0,axis-ablation-not-paper-estimator,-6.699517174310559,-9.938929626044029,3.23941245173347,59.15706670988463,36.32354541880299,22.833521291081638,21.247768715262794,21.247768715262794,0.0,4.0,0.75,0.9880472576152998
A,20260627.0,1.0,10.0,4.0,0.6419195571509573,0.6419195571509573,0.0,axis-ablation-not-paper-estimator,-8.167683906390996,-11.72150193771036,3.5538180313193646,96.46187671798978,96.69620221472832,-0.23432549673853487,44.24239270161041,44.24239270161041,0.0,4.0,1.0,1.0
A,20260627.0,2.0,10.0,4.0,0.6419195571509573,0.6419195571509573,0.0,axis-ablation-not-paper-estimator,-6.30685831969664,-11.428818680589266,5.1219603608926265,59.15706670988463,33.35162866527747,25.805438044607165,20.636865329112773,20.636865329112773,0.0,4.0,1.0,0.9999999999999999
A,20260627.0,3.0,10.0,4.0,0.6419195571509573,0.6419195571509573,0.0,axis-ablation-not-paper-estimator,-7.265927770681921,-11.090607153102404,3.8246793824204826,54.18400278379088,53.45700954714667,0.726993236644212,15.81210098514961,15.81210098514961,0.0,4.0,0.75,0.998524142031372
A,20260627.0,0.0,10.0,8.0,0.6419195571509573,0.6419195571509573,0.0,axis-ablation-not-paper-estimator,-9.815181132782522,-16.470076207918392,6.654895075135871,81.02234503100252,56.97291946163234,24.04942556937018,41.54171878068374,41.54171878068374,0.0,8.0,0.875,0.9999690721797199
A,20260627.0,1.0,10.0,8.0,0.6419195571509573,0.6419195571509573,0.0,axis-ablation-not-paper-estimator,-10.415440168905706,-16.600362419805503,6.184922250899797,93.77079228378938,85.28663871362603,8.484153570163343,27.0657954601961,27.0657954601961,0.0,8.0,0.875,0.9972462684777201
A,20260627.0,2.0,10.0,8.0,0.6419195571509573,0.6419195571509573,0.0,axis-ablation-not-paper-estimator,-8.88479375647471,-17.750415182041934,8.865621425567223,80.44145976040747,65.56233120976809,14.87912855063938,20.13818599422768,20.13818599422768,0.0,8.0,0.875,0.9991463213590843
A,20260627.0,3.0,10.0,8.0,0.6419195571509573,0.6419195571509573,0.0,axis-ablation-not-paper-estimator,-10.313410156086722,-17.66749934154697,7.35408918546025,81.0223450310025,74.08434285289775,6.938002178104753,40.66597774328609,40.66597774328609,0.0,8.0,1.0,1.0
A,20260627.0,0.0,10.0,16.0,0.6419195571509573,0.6419195571509573,0.0,axis-ablation-not-paper-estimator,-11.824869998053703,-19.229822987520304,7.404952989466601,283.31271858191536,296.9527521408586,-13.64003355894323,24.965477840695616,24.965477840695616,0.0,16.0,0.8125,0.9914660665288919
A,20260627.0,1.0,10.0,16.0,0.6419195571509573,0.6419195571509573,0.0,axis-ablation-not-paper-estimator,-13.06049409276543,-19.111038798512052,6.050544705746622,795.8043559418098,799.6904632217681,-3.88610727995831,24.590272561947742,24.590272561947742,0.0,16.0,0.9375,0.9971537773066427
A,20260627.0,2.0,10.0,16.0,0.6419195571509573,0.6419195571509573,0.0,axis-ablation-not-paper-estimator,-11.628982635051235,-20.56821390152931,8.939231266478076,154.5312565597661,160.77719830566497,-6.245941745898875,18.669116451838686,18.669116451838686,0.0,16.0,0.875,0.9952961242334611
A,20260627.0,3.0,10.0,16.0,0.6419195571509573,0.6419195571509573,0.0,axis-ablation-not-paper-estimator,-12.096108522098586,-17.883972836968187,5.787864314869601,157.75273228404552,161.36146231874858,-3.6087300347030578,18.018736380844988,26.555838794915168,-8.53710241407018,16.0,0.875,0.9952354665255766
A,20260627.0,0.0,20.0,4.0,0.6419195571509573,0.6419195571509573,0.0,axis-ablation-not-paper-estimator,-6.92424309267078,-10.654063504817202,3.729820412146422,68.5523751852662,44.714328948252344,23.838046237013856,17.058252561413962,17.058252561413962,0.0,4.0,1.0,0.9999999999999999
A,20260627.0,1.0,20.0,4.0,0.6419195571509573,0.6419195571509573,0.0,axis-ablation-not-paper-estimator,-8.21296240488958,-11.823299330766304,3.610336925876723,96.46187671798978,96.69620221472832,-0.23432549673853487,44.24239270161041,44.24239270161041,0.0,4.0,1.0,1.0
A,20260627.0,2.0,20.0,4.0,0.6419195571509573,0.6419195571509573,0.0,axis-ablation-not-paper-estimator,-6.349070879540781,-11.54174725289174,5.1926763733509596,59.15706670988463,33.35162866527747,25.805438044607165,20.636865329112773,20.636865329112773,0.0,4.0,1.0,0.9999999999999999
A,20260627.0,3.0,20.0,4.0,0.6419195571509573,0.6419195571509573,0.0,axis-ablation-not-paper-estimator,-7.363217884352967,-10.497743592006497,3.1345257076535296,133.3330526566277,128.3429964876528,4.990056168974888,11.391828694198146,11.391828694198146,0.0,4.0,1.0,1.0
A,20260627.0,0.0,20.0,8.0,0.6419195571509573,0.6419195571509573,0.0,axis-ablation-not-paper-estimator,-9.924947186263836,-18.30757576796865,8.382628581704815,81.73585519635351,80.6297506328817,1.106104563471817,22.671659297124112,22.671659297124112,0.0,8.0,1.0,1.0000000000000002
A,20260627.0,1.0,20.0,8.0,0.6419195571509573,0.6419195571509573,0.0,axis-ablation-not-paper-estimator,-10.635632084259075,-18.888588753549477,8.252956669290402,78.69716059344019,79.44283726156547,-0.7456766681252844,23.99837310743931,23.99837310743931,0.0,8.0,0.875,0.9984862550301223
A,20260627.0,2.0,20.0,8.0,0.6419195571509573,0.6419195571509573,0.0,axis-ablation-not-paper-estimator,-8.972263363502321,-18.522841976125523,9.550578612623202,80.44145976040747,65.56233120976809,14.87912855063938,20.13818599422768,20.13818599422768,0.0,8.0,0.875,0.9991463213590843
A,20260627.0,3.0,20.0,8.0,0.6419195571509573,0.6419195571509573,0.0,axis-ablation-not-paper-estimator,-10.538860376575009,-18.99838428765638,8.45952391108137,81.0223450310025,74.08434285289775,6.938002178104753,40.66597774328609,40.66597774328609,0.0,8.0,1.0,1.0
A,20260627.0,0.0,20.0,16.0,0.6419195571509573,0.6419195571509573,0.0,axis-ablation-not-paper-estimator,-12.882294725267457,-21.788948356495034,8.906653631227577,230.21018481051914,243.83106919635145,-13.620884385832312,20.164277457924907,19.94831645054306,0.21596100738184631,16.0,0.9375,0.9995121605899672
A,20260627.0,1.0,20.0,16.0,0.6419195571509573,0.6419195571509573,0.0,axis-ablation-not-paper-estimator,-13.866449567409678,-23.180188942612805,9.313739375203127,186.91719085099615,203.85905730250266,-16.941866451506513,31.17877578624367,16.329172527850417,14.849603258393252,16.0,0.9375,0.9995208716181971
A,20260627.0,2.0,20.0,16.0,0.6419195571509573,0.6419195571509573,0.0,axis-ablation-not-paper-estimator,-12.162632987546981,-25.95653788524523,13.793904897698248,176.08411177507165,185.30879439250802,-9.224682617436372,28.108760355921778,27.0458663632548,1.0628939926669787,16.0,0.9375,0.998453567074253
A,20260627.0,3.0,20.0,16.0,0.6419195571509573,0.6419195571509573,0.0,axis-ablation-not-paper-estimator,-13.206889895613061,-21.337488683256836,8.130598787643775,157.75273228404552,162.70859908380655,-4.955866799761026,19.148133338324687,27.334753038602635,-8.186619700277948,16.0,0.9375,0.9996936493138838
A,20260627.0,0.0,30.0,4.0,0.6419195571509573,0.6419195571509573,0.0,axis-ablation-not-paper-estimator,-6.927196938321593,-10.663941976910285,3.7367450385886922,68.5523751852662,44.714328948252344,23.838046237013856,17.058252561413962,17.058252561413962,0.0,4.0,1.0,0.9999999999999999
A,20260627.0,1.0,30.0,4.0,0.6419195571509573,0.6419195571509573,0.0,axis-ablation-not-paper-estimator,-8.219399733330592,-11.842566310955764,3.623166577625172,96.46187671798978,96.69620221472832,-0.23432549673853487,44.24239270161041,44.24239270161041,0.0,4.0,1.0,1.0
A,20260627.0,2.0,30.0,4.0,0.6419195571509573,0.6419195571509573,0.0,axis-ablation-not-paper-estimator,-6.356494866051538,-11.563125212147717,5.20663034609618,59.15706670988463,33.35162866527747,25.805438044607165,20.636865329112773,20.636865329112773,0.0,4.0,1.0,0.9999999999999999
A,20260627.0,3.0,30.0,4.0,0.6419195571509573,0.6419195571509573,0.0,axis-ablation-not-paper-estimator,-7.365266396790689,-10.50241605706622,3.137149660275531,133.3330526566277,128.3429964876528,4.990056168974888,11.391828694198146,11.391828694198146,0.0,4.0,1.0,1.0
A,20260627.0,0.0,30.0,8.0,0.6419195571509573,0.6419195571509573,0.0,axis-ablation-not-paper-estimator,-9.934478014103332,-18.37948767235906,8.445009658255726,81.73585519635351,80.6297506328817,1.106104563471817,22.671659297124112,22.671659297124112,0.0,8.0,1.0,1.0000000000000002
A,20260627.0,1.0,30.0,8.0,0.6419195571509573,0.6419195571509573,0.0,axis-ablation-not-paper-estimator,-10.726388844250408,-17.44468595918191,6.718297114931502,130.44007647402103,137.83848790030854,-7.39841142628751,27.0657954601961,27.0657954601961,0.0,8.0,1.0,1.0000000000000002
A,20260627.0,2.0,30.0,8.0,0.6419195571509573,0.6419195571509573,0.0,axis-ablation-not-paper-estimator,-9.016367696348793,-21.631881427160454,12.615513730811662,78.57865035790508,63.497315490682,15.081334867223077,35.70463910640763,35.70463910640763,0.0,8.0,1.0,1.0
A,20260627.0,3.0,30.0,8.0,0.6419195571509573,0.6419195571509573,0.0,axis-ablation-not-paper-estimator,-10.543365250889508,-19.03053204826154,8.487166797372033,81.0223450310025,74.08434285289775,6.938002178104753,40.66597774328609,40.66597774328609,0.0,8.0,1.0,1.0
A,20260627.0,0.0,30.0,16.0,0.6419195571509573,0.6419195571509573,0.0,axis-ablation-not-paper-estimator,-12.961908609242956,-22.01372629104271,9.051817681799752,191.14859757771362,204.41840082226213,-13.269803244548513,20.345868816276113,20.345868816276113,0.0,16.0,1.0,1.0000000000000002
A,20260627.0,1.0,30.0,16.0,0.6419195571509573,0.6419195571509573,0.0,axis-ablation-not-paper-estimator,-13.98401708657941,-23.977139311983727,9.993122225404317,229.71107664854804,242.71900349523807,-13.007926846690026,21.032376329007757,21.56106529806762,-0.5286889690598642,16.0,1.0,1.0
A,20260627.0,2.0,30.0,16.0,0.6419195571509573,0.6419195571509573,0.0,axis-ablation-not-paper-estimator,-12.318677901112435,-27.637813367345384,15.319135466232948,188.0862849477778,191.99685837568538,-3.910573427907565,20.052032873051775,28.1195623352468,-8.067529462195026,16.0,0.9375,0.9997978584951703
A,20260627.0,3.0,30.0,16.0,0.6419195571509573,0.6419195571509573,0.0,axis-ablation-not-paper-estimator,-13.275726268774196,-21.5579457594062,8.282219490632002,209.4874421765276,219.34199214452124,-9.854549967993648,17.164284623040178,17.164284623040178,0.0,16.0,1.0,1.0
C,20260626.0,0.0,0.0,4.0,0.6419195571509573,0.6419195571509573,0.0,axis-ablation-not-paper-estimator,-7.802100129933533,-10.613205511706598,2.811105381773065,1140.4548912207654,1120.8718337302166,19.583057490548754,47.37602508932565,47.37602508932565,0.0,4.0,0.75,0.9858005867641666
C,20260626.0,1.0,0.0,4.0,0.6419195571509573,0.6419195571509573,0.0,axis-ablation-not-paper-estimator,-7.22263530905043,-13.258485986012268,6.035850676961838,48.23325190583391,19.269108148010822,28.964143757823088,33.632569585567474,33.632569585567474,0.0,4.0,0.75,0.9934253311831462
C,20260626.0,2.0,0.0,4.0,0.6419195571509573,0.6419195571509573,0.0,axis-ablation-not-paper-estimator,-7.742118140738458,-11.757606457314749,4.015488316576291,1183.6785642504553,1182.8801715058726,0.7983927445827703,36.47258975542431,36.47258975542431,0.0,4.0,0.75,0.9750696658640219
C,20260626.0,3.0,0.0,4.0,0.6419195571509573,0.6419195571509573,0.0,axis-ablation-not-paper-estimator,-8.839528859980499,-9.90651379261935,1.0669849326388512,132.012907092163,117.83551908562453,14.177388006538479,36.71959418941977,36.71959418941977,0.0,4.0,1.0,1.0
C,20260626.0,0.0,0.0,8.0,0.6419195571509573,0.6419195571509573,0.0,axis-ablation-not-paper-estimator,-7.334375922429875,-9.020091068601538,1.6857151461716624,896.2416534270083,882.8788085618604,13.36284486514785,18.45587665099708,18.45587665099708,0.0,8.0,0.75,0.9798945064248511
C,20260626.0,1.0,0.0,8.0,0.6419195571509573,0.6419195571509573,0.0,axis-ablation-not-paper-estimator,-7.413359936803275,-11.5248794685308,4.1115195317275255,1575.0029555450344,1574.2952845729087,0.7076709721256975,39.2189310634819,39.2189310634819,0.0,8.0,0.75,0.9538299614823018
C,20260626.0,2.0,0.0,8.0,0.6419195571509573,0.6419195571509573,0.0,axis-ablation-not-paper-estimator,-7.613795571366639,-10.299956087501386,2.6861605161347466,1219.1688915978864,1221.96999631492,-2.801104717033695,32.37741860259308,32.37741860259308,0.0,8.0,0.625,0.9612402451391423
C,20260626.0,3.0,0.0,8.0,0.6419195571509573,0.6419195571509573,0.0,axis-ablation-not-paper-estimator,-7.8420562751909895,-8.73984467925315,0.89778840406216,723.764022504685,726.0627136359069,-2.298691131221858,43.63423340374208,43.63423340374208,0.0,8.0,0.625,0.9685911082318576
C,20260626.0,0.0,0.0,16.0,0.6419195571509573,0.6419195571509573,0.0,axis-ablation-not-paper-estimator,-5.510161050330391,-6.490822233505266,0.9806611831748757,1422.0911973335608,1415.7628514479943,6.328345885566478,42.79478100020376,42.79478100020376,0.0,16.0,0.5,0.9607094364436856
C,20260626.0,1.0,0.0,16.0,0.6419195571509573,0.6419195571509573,0.0,axis-ablation-not-paper-estimator,-5.78309312686228,-7.5503589120906796,1.7672657852283997,2093.6022630885946,2089.9685848507493,3.633678237845288,45.53626466586116,45.53626466586116,0.0,16.0,0.4375,0.9329554781067377
C,20260626.0,2.0,0.0,16.0,0.6419195571509573,0.6419195571509573,0.0,axis-ablation-not-paper-estimator,-6.459149139738063,-7.81458847008209,1.3554393303440273,1362.3908400341177,1365.5376766847824,-3.1468366506646817,36.444748256370346,36.444748256370346,0.0,16.0,0.4375,0.9598170836330526
C,20260626.0,3.0,0.0,16.0,0.6419195571509573,0.6419195571509573,0.0,axis-ablation-not-paper-estimator,-6.078859223902612,-6.516665312283239,0.4378060883806274,1970.4788960845306,1975.7256508199225,-5.24675473539196,33.79873411559895,33.79873411559895,0.0,16.0,0.4375,0.9462886257716616
C,20260626.0,0.0,10.0,4.0,0.6419195571509573,0.6419195571509573,0.0,axis-ablation-not-paper-estimator,-9.886712528925306,-11.7774601632998,1.8907476343744936,83.66759533600766,60.40781714706149,23.25977818894617,15.682026858777439,15.682026858777439,0.0,4.0,0.75,0.9994901988826346
C,20260626.0,1.0,10.0,4.0,0.6419195571509573,0.6419195571509573,0.0,axis-ablation-not-paper-estimator,-7.402120187641207,-11.804367625183973,4.4022474375427665,71.55653420011132,40.09591358450094,31.460620615610374,5.886496205042764,5.886496205042764,0.0,4.0,1.0,1.0
C,20260626.0,2.0,10.0,4.0,0.6419195571509573,0.6419195571509573,0.0,axis-ablation-not-paper-estimator,-9.324864685072582,-14.492727430963164,5.167862745890583,107.65386472982071,82.51595612815775,25.137908601662957,4.3124417081720505,4.3124417081720505,0.0,4.0,1.0,1.0
C,20260626.0,3.0,10.0,4.0,0.6419195571509573,0.6419195571509573,0.0,axis-ablation-not-paper-estimator,-9.17155192427969,-10.891996185615827,1.7204442613361373,56.62394013695546,47.28586249050919,9.338077646446273,36.71959418941977,36.71959418941977,0.0,4.0,0.75,0.9999295652430295
C,20260626.0,0.0,10.0,8.0,0.6419195571509573,0.6419195571509573,0.0,axis-ablation-not-paper-estimator,-11.154802664282265,-12.737082813128142,1.5822801488458769,159.31199399722817,141.63783455227957,17.6741594449486,23.0107027186469,23.0107027186469,0.0,8.0,0.75,0.9873264642716955
C,20260626.0,1.0,10.0,8.0,0.6419195571509573,0.6419195571509573,0.0,axis-ablation-not-paper-estimator,-10.464118303001662,-19.95505968866292,9.490941385661259,95.84864748280435,87.50058364341427,8.348063839390079,25.484497085934066,18.41569640684415,7.0688006790899145,8.0,1.0,1.0000000000000002
C,20260626.0,2.0,10.0,8.0,0.6419195571509573,0.6419195571509573,0.0,axis-ablation-not-paper-estimator,-11.710344244448974,-17.379967424266137,5.6696231798171635,150.52455604671576,134.8866929591385,15.637863087577273,19.012024780212126,19.012024780212126,0.0,8.0,0.875,0.9998648266966181
C,20260626.0,3.0,10.0,8.0,0.6419195571509573,0.6419195571509573,0.0,axis-ablation-not-paper-estimator,-11.303129060353141,-16.501678062405784,5.198549002052642,83.3645474685549,56.8780507107735,26.486496757781403,34.7178216236953,34.7178216236953,0.0,8.0,0.875,0.9988123327679064
C,20260626.0,0.0,10.0,16.0,0.6419195571509573,0.6419195571509573,0.0,axis-ablation-not-paper-estimator,-13.861170063723662,-16.955279083744326,3.094109020020664,194.5207266065527,179.6470892823792,14.873637324173501,34.41833351975105,34.41833351975105,0.0,16.0,0.9375,0.9952419791418559
C,20260626.0,1.0,10.0,16.0,0.6419195571509573,0.6419195571509573,0.0,axis-ablation-not-paper-estimator,-12.931466965839302,-18.828137663485187,5.8966706976458845,264.14213454288165,256.33088981625986,7.811244726621794,38.832876689351316,38.832876689351316,0.0,16.0,0.9375,0.9981877427284651
C,20260626.0,2.0,10.0,16.0,0.6419195571509573,0.6419195571509573,0.0,axis-ablation-not-paper-estimator,-13.344292301333843,-19.001890067487324,5.657597766153481,248.59613436064302,239.1723629161053,9.42377144453772,37.07370425499115,37.696389345424016,-0.6226850904328671,16.0,0.75,0.9929426758964912
C,20260626.0,3.0,10.0,16.0,0.6419195571509573,0.6419195571509573,0.0,axis-ablation-not-paper-estimator,-13.46135754671909,-18.634432095371224,5.173074548652135,152.8503775144645,138.6056993208919,14.24467819357261,32.62860956688684,34.59698242179237,-1.9683728549055317,16.0,0.8125,0.9960242155279234
C,20260626.0,0.0,20.0,4.0,0.6419195571509573,0.6419195571509573,0.0,axis-ablation-not-paper-estimator,-9.947354534567669,-11.878374418417062,1.9310198838493928,83.66759533600766,60.40781714706149,23.25977818894617,15.682026858777439,15.682026858777439,0.0,4.0,0.75,0.9994901988826346
C,20260626.0,1.0,20.0,4.0,0.6419195571509573,0.6419195571509573,0.0,axis-ablation-not-paper-estimator,-7.481008352991188,-12.033251444320971,4.552243091329783,71.55653420011132,40.09591358450094,31.460620615610374,5.886496205042764,5.886496205042764,0.0,4.0,1.0,1.0
C,20260626.0,2.0,20.0,4.0,0.6419195571509573,0.6419195571509573,0.0,axis-ablation-not-paper-estimator,-9.348532880267156,-14.661047852762962,5.312514972495807,108.12830539670624,91.90593052797607,16.22237486873017,4.3124417081720505,4.3124417081720505,0.0,4.0,0.75,0.9987129504286562
C,20260626.0,3.0,20.0,4.0,0.6419195571509573,0.6419195571509573,0.0,axis-ablation-not-paper-estimator,-9.273374315564128,-11.039648648604794,1.7662743330406663,56.62394013695546,47.28586249050919,9.338077646446273,36.71959418941977,36.71959418941977,0.0,4.0,0.75,0.9999295652430295
C,20260626.0,0.0,20.0,8.0,0.6419195571509573,0.6419195571509573,0.0,axis-ablation-not-paper-estimator,-12.105208935334646,-16.175700335612305,4.070491400277659,108.15738405168072,82.31148712450486,25.845896927175858,19.70046856427746,19.70046856427746,0.0,8.0,1.0,1.0
C,20260626.0,1.0,20.0,8.0,0.6419195571509573,0.6419195571509573,0.0,axis-ablation-not-paper-estimator,-10.707928163725162,-22.57241188264495,11.864483718919788,95.84864748280435,87.50058364341427,8.348063839390079,25.484497085934066,18.41569640684415,7.0688006790899145,8.0,1.0,1.0000000000000002
C,20260626.0,2.0,20.0,8.0,0.6419195571509573,0.6419195571509573,0.0,axis-ablation-not-paper-estimator,-11.960161233307772,-18.38854931349701,6.428388080189237,166.17696001072423,157.8897791887969,8.287180821927336,27.131264893259278,27.131264893259278,0.0,8.0,1.0,1.0
C,20260626.0,3.0,20.0,8.0,0.6419195571509573,0.6419195571509573,0.0,axis-ablation-not-paper-estimator,-11.554166511598263,-14.930703517548311,3.3765370059500484,105.69796453729265,82.1420117168044,23.555952820488244,33.25730143735735,33.25730143735735,0.0,8.0,1.0,0.9999999999999999
C,20260626.0,0.0,20.0,16.0,0.6419195571509573,0.6419195571509573,0.0,axis-ablation-not-paper-estimator,-15.101250443638708,-22.744948386349378,7.64369794271067,169.89955887735354,144.09663424617136,25.80292463118218,27.3530845759673,27.390989551495725,-0.037904975528423535,16.0,0.9375,0.9993630100159656
C,20260626.0,1.0,20.0,16.0,0.6419195571509573,0.6419195571509573,0.0,axis-ablation-not-paper-estimator,-13.880230187184168,-22.986294080689532,9.106063893505365,200.95074149894728,191.39110513958664,9.559636359360638,38.832876689351316,38.832876689351316,0.0,16.0,1.0,1.0000000000000002
C,20260626.0,2.0,20.0,16.0,0.6419195571509573,0.6419195571509573,0.0,axis-ablation-not-paper-estimator,-14.957998853729524,-21.110168123079333,6.152169269349809,239.16973906985254,229.04370382665473,10.126035243197805,39.308950373410966,39.896764304320904,-0.5878139309099382,16.0,0.9375,0.9997122972014748
C,20260626.0,3.0,20.0,16.0,0.6419195571509573,0.6419195571509573,0.0,axis-ablation-not-paper-estimator,-14.717653763270711,-23.693015437783895,8.975361674513184,151.81642959016688,132.26622000665213,19.550209583514743,32.56653095448653,32.56653095448653,0.0,16.0,0.875,0.9988290774080967
C,20260626.0,0.0,30.0,4.0,0.6419195571509573,0.6419195571509573,0.0,axis-ablation-not-paper-estimator,-9.972791912467398,-11.82341858335141,1.8506266708840116,112.40058870429255,87.44172215470807,24.95886654958447,15.682026858777439,15.682026858777439,0.0,4.0,1.0,1.0
C,20260626.0,1.0,30.0,4.0,0.6419195571509573,0.6419195571509573,0.0,axis-ablation-not-paper-estimator,-7.485610213080793,-12.041695566466865,4.556085353386072,71.55653420011132,40.09591358450094,31.460620615610374,5.886496205042764,5.886496205042764,0.0,4.0,1.0,1.0
C,20260626.0,2.0,30.0,4.0,0.6419195571509573,0.6419195571509573,0.0,axis-ablation-not-paper-estimator,-9.393939002679554,-14.81363328239281,5.419694279713257,107.65386472982071,82.51595612815775,25.137908601662957,4.3124417081720505,4.3124417081720505,0.0,4.0,1.0,1.0
C,20260626.0,3.0,30.0,4.0,0.6419195571509573,0.6419195571509573,0.0,axis-ablation-not-paper-estimator,-9.275044880080511,-11.041624387411256,1.7665795073307446,56.62394013695546,47.28586249050919,9.338077646446273,36.71959418941977,36.71959418941977,0.0,4.0,0.75,0.9999295652430295
C,20260626.0,0.0,30.0,8.0,0.6419195571509573,0.6419195571509573,0.0,axis-ablation-not-paper-estimator,-12.120389064582826,-16.21045805753311,4.090068992950284,108.15738405168072,82.31148712450486,25.845896927175858,19.70046856427746,19.70046856427746,0.0,8.0,1.0,1.0
C,20260626.0,1.0,30.0,8.0,0.6419195571509573,0.6419195571509573,0.0,axis-ablation-not-paper-estimator,-10.722268634181905,-22.757046220839065,12.03477758665716,95.84864748280435,87.50058364341427,8.348063839390079,25.484497085934066,18.41569640684415,7.0688006790899145,8.0,1.0,1.0000000000000002
C,20260626.0,2.0,30.0,8.0,0.6419195571509573,0.6419195571509573,0.0,axis-ablation-not-paper-estimator,-11.977853387010754,-18.474640412625163,6.49678702561441,166.17696001072423,157.8897791887969,8.287180821927336,27.131264893259278,27.131264893259278,0.0,8.0,1.0,1.0
C,20260626.0,3.0,30.0,8.0,0.6419195571509573,0.6419195571509573,0.0,axis-ablation-not-paper-estimator,-11.56639191788889,-14.957261695933457,3.390869778044568,105.69796453729265,82.1420117168044,23.555952820488244,33.25730143735735,33.25730143735735,0.0,8.0,1.0,0.9999999999999999
C,20260626.0,0.0,30.0,16.0,0.6419195571509573,0.6419195571509573,0.0,axis-ablation-not-paper-estimator,-15.269902458719088,-21.679481996539952,6.409579537820864,183.40486515268063,155.91972314726905,27.485142005411575,33.19653021227307,33.22776987588072,-0.03123966360764996,16.0,1.0,1.0
C,20260626.0,1.0,30.0,16.0,0.6419195571509573,0.6419195571509573,0.0,axis-ablation-not-paper-estimator,-13.938079391140938,-23.451254716124772,9.513175324983834,200.95074149894728,191.39110513958664,9.559636359360638,38.832876689351316,38.832876689351316,0.0,16.0,1.0,1.0000000000000002
C,20260626.0,2.0,30.0,16.0,0.6419195571509573,0.6419195571509573,0.0,axis-ablation-not-paper-estimator,-15.08582998754065,-21.90211374299334,6.816283755452689,230.42755490839215,226.0256841888713,4.4018707195208435,38.46051398460627,38.46051398460627,0.0,16.0,1.0,1.0
C,20260626.0,3.0,30.0,16.0,0.6419195571509573,0.6419195571509573,0.0,axis-ablation-not-paper-estimator,-14.926625952176165,-23.539183817004734,8.612557864828569,130.62494713498273,118.04456378279363,12.580383352189102,31.857132955062134,31.81272912288127,0.04440383218086552,16.0,1.0,1.0000000000000002
C,20260627.0,0.0,0.0,4.0,0.6419195571509573,0.6419195571509573,0.0,axis-ablation-not-paper-estimator,-8.574522351334176,-11.396897522157548,2.8223751708233724,71.55653420011132,44.05710987150362,27.499424328607695,6.410460912151536,6.410460912151536,0.0,4.0,1.0,1.0
C,20260627.0,1.0,0.0,4.0,0.6419195571509573,0.6419195571509573,0.0,axis-ablation-not-paper-estimator,-5.98605056878686,-7.502957968928139,1.516907400141279,122.35077220453185,110.65294453324373,11.697827671288124,24.986974749909606,24.986974749909606,0.0,4.0,0.5,0.9790203802391063
C,20260627.0,2.0,0.0,4.0,0.6419195571509573,0.6419195571509573,0.0,axis-ablation-not-paper-estimator,-8.351008718925407,-13.234496323648857,4.883487604723451,71.55653420011132,44.05710987150362,27.499424328607695,5.275037167237195,5.275037167237195,0.0,4.0,0.75,0.994734636464825
C,20260627.0,3.0,0.0,4.0,0.6419195571509573,0.6419195571509573,0.0,axis-ablation-not-paper-estimator,-10.652554797373902,-10.965689408988627,0.3131346116147249,72.1870457498524,78.90511995843377,-6.7180742085813705,33.04095804744083,33.04095804744083,0.0,4.0,1.0,1.0
C,20260627.0,0.0,0.0,8.0,0.6419195571509573,0.6419195571509573,0.0,axis-ablation-not-paper-estimator,-7.175792277900745,-8.641074650138997,1.465282372238252,1517.5707893232945,1519.9729504565812,-2.402161133286654,33.83484967310856,33.83484967310856,0.0,8.0,0.625,0.9536511532870249
C,20260627.0,1.0,0.0,8.0,0.6419195571509573,0.6419195571509573,0.0,axis-ablation-not-paper-estimator,-7.308184644694496,-8.67590623438859,1.367721589694094,1200.9116394415823,1199.9625029172018,0.9491365243804921,26.60549935603164,26.60549935603164,0.0,8.0,0.875,0.9770300137064334
C,20260627.0,2.0,0.0,8.0,0.6419195571509573,0.6419195571509573,0.0,axis-ablation-not-paper-estimator,-6.399132139190921,-8.77362404451495,2.374491905324029,1839.8728270589847,1839.4397911388726,0.43303592011216097,23.396822530206045,23.396822530206045,0.0,8.0,0.5,0.9430546486885608
C,20260627.0,3.0,0.0,8.0,0.6419195571509573,0.6419195571509573,0.0,axis-ablation-not-paper-estimator,-8.693420487578166,-9.129287431330669,0.4358669437525027,1904.6050217503157,1904.9800277526456,-0.3750060023298829,42.85944923492846,42.85944923492846,0.0,8.0,0.625,0.983306926276876
C,20260627.0,0.0,0.0,16.0,0.6419195571509573,0.6419195571509573,0.0,axis-ablation-not-paper-estimator,-5.640733742193463,-6.097445857415563,0.45671211522209987,1730.7906852769895,1728.5264946020613,2.264190674928159,46.36517995535926,46.36517995535926,0.0,16.0,0.375,0.9352695023206156
C,20260627.0,1.0,0.0,16.0,0.6419195571509573,0.6419195571509573,0.0,axis-ablation-not-paper-estimator,-5.906377854287641,-5.915379678142957,0.009001823855316005,1536.6464641947657,1536.5992158432516,0.04724835151409934,41.432000619514625,41.432000619514625,0.0,16.0,0.6875,0.959140461455309
C,20260627.0,2.0,0.0,16.0,0.6419195571509573,0.6419195571509573,0.0,axis-ablation-not-paper-estimator,-5.14195167308006,-6.4079308099041254,1.2659791368240656,1901.7520247765506,1900.2576374856335,1.494387290917075,49.39435889482805,49.39435889482805,0.0,16.0,0.375,0.9155240001828874
C,20260627.0,3.0,0.0,16.0,0.6419195571509573,0.6419195571509573,0.0,axis-ablation-not-paper-estimator,-6.488104026120523,-6.796476478053313,0.3083724519327893,1677.5999914141444,1681.0921492989823,-3.4921578848379795,47.31836874409241,47.67394878914334,-0.3555800450509281,16.0,0.375,0.969620004547049
C,20260627.0,0.0,10.0,4.0,0.6419195571509573,0.6419195571509573,0.0,axis-ablation-not-paper-estimator,-9.505588867559748,-13.595538663815967,4.089949796256219,71.55653420011132,44.05710987150362,27.499424328607695,6.410460912151536,6.410460912151536,0.0,4.0,1.0,1.0
C,20260627.0,1.0,10.0,4.0,0.6419195571509573,0.6419195571509573,0.0,axis-ablation-not-paper-estimator,-6.59197619936279,-9.610214178172022,3.018237978809232,80.19268391553081,50.46378987785852,29.72889403767229,23.309150408531504,23.309150408531504,0.0,4.0,1.0,1.0
C,20260627.0,2.0,10.0,4.0,0.6419195571509573,0.6419195571509573,0.0,axis-ablation-not-paper-estimator,-9.039207659893403,-15.482212657231392,6.443004997337988,89.49670735180068,63.21179585687963,26.284911494921047,11.71617560316115,11.71617560316115,0.0,4.0,1.0,1.0
C,20260627.0,3.0,10.0,4.0,0.6419195571509573,0.6419195571509573,0.0,axis-ablation-not-paper-estimator,-12.057916872620222,-13.330791990735165,1.2728751181149427,72.1870457498524,51.266267454140376,20.920778295712026,33.04095804744083,33.04095804744083,0.0,4.0,1.0,1.0
C,20260627.0,0.0,10.0,8.0,0.6419195571509573,0.6419195571509573,0.0,axis-ablation-not-paper-estimator,-12.267518961039345,-20.041435493212354,7.7739165321730095,101.01908659699123,75.95727067408805,25.06181592290318,23.73501547546214,23.73501547546214,0.0,8.0,0.875,0.9989920821016552
C,20260627.0,1.0,10.0,8.0,0.6419195571509573,0.6419195571509573,0.0,axis-ablation-not-paper-estimator,-9.905756782216871,-14.546838544074674,4.641081761857803,93.39715834149976,85.06752977795247,8.329628563547288,22.822767746525454,22.822767746525454,0.0,8.0,1.0,1.0000000000000002
C,20260627.0,2.0,10.0,8.0,0.6419195571509573,0.6419195571509573,0.0,axis-ablation-not-paper-estimator,-11.151069729288935,-17.086377806322105,5.93530807703317,108.2641762105176,92.2108051902524,16.053371020265203,18.865013489300637,18.865013489300637,0.0,8.0,0.875,0.999673073773055
C,20260627.0,3.0,10.0,8.0,0.6419195571509573,0.6419195571509573,0.0,axis-ablation-not-paper-estimator,-13.965620572200358,-15.907813075757142,1.9421925035567842,108.09867998147224,84.82705198858916,23.271627992883083,24.205786642661703,24.205786642661703,0.0,8.0,0.875,0.9981001206114745
C,20260627.0,0.0,10.0,16.0,0.6419195571509573,0.6419195571509573,0.0,axis-ablation-not-paper-estimator,-14.141237460085193,-20.029367020676414,5.888129560591221,249.91805322195898,243.93945613808933,5.9785970838696585,39.38550498169692,39.38550498169692,0.0,16.0,0.875,0.9940158614004103
C,20260627.0,1.0,10.0,16.0,0.6419195571509573,0.6419195571509573,0.0,axis-ablation-not-paper-estimator,-13.515361434191327,-16.01133355521035,2.4959721210190224,261.84010049597487,259.27271756493656,2.56738293103831,40.771324905103064,40.771324905103064,0.0,16.0,0.9375,0.9992201445958134
C,20260627.0,2.0,10.0,16.0,0.6419195571509573,0.6419195571509573,0.0,axis-ablation-not-paper-estimator,-13.26410912287628,-18.668498482711005,5.404389359834726,231.5481127111813,219.38531327108424,12.162799440097046,45.533978171609604,45.533978171609604,0.0,16.0,0.875,0.9933425721027297
C,20260627.0,3.0,10.0,16.0,0.6419195571509573,0.6419195571509573,0.0,axis-ablation-not-paper-estimator,-15.184475888016706,-17.20838814765876,2.023912259642053,234.84368681985865,218.87000559696992,15.973681222888729,43.30966807848119,43.30966807848119,0.0,16.0,0.875,0.9967160805572658
C,20260627.0,0.0,20.0,4.0,0.6419195571509573,0.6419195571509573,0.0,axis-ablation-not-paper-estimator,-9.556564348499151,-13.705036443910794,4.148472095411643,71.55653420011132,44.05710987150362,27.499424328607695,6.410460912151536,6.410460912151536,0.0,4.0,1.0,1.0
C,20260627.0,1.0,20.0,4.0,0.6419195571509573,0.6419195571509573,0.0,axis-ablation-not-paper-estimator,-6.607838338834298,-9.631319705173416,3.0234813663391185,80.19268391553081,50.46378987785852,29.72889403767229,23.309150408531504,23.309150408531504,0.0,4.0,1.0,1.0
C,20260627.0,2.0,20.0,4.0,0.6419195571509573,0.6419195571509573,0.0,axis-ablation-not-paper-estimator,-9.083820764043018,-15.70094135900119,6.6171205949581715,89.49670735180068,63.21179585687963,26.284911494921047,11.71617560316115,11.71617560316115,0.0,4.0,1.0,1.0
C,20260627.0,3.0,20.0,4.0,0.6419195571509573,0.6419195571509573,0.0,axis-ablation-not-paper-estimator,-12.139212025116159,-13.453207752091714,1.3139957269755556,72.1870457498524,51.266267454140376,20.920778295712026,33.04095804744083,33.04095804744083,0.0,4.0,1.0,1.0
C,20260627.0,0.0,20.0,8.0,0.6419195571509573,0.6419195571509573,0.0,axis-ablation-not-paper-estimator,-12.453467148933457,-16.76402917865592,4.310562029722464,114.15982414881331,86.04111923066537,28.11870491814794,16.068558553130938,16.068558553130938,0.0,8.0,1.0,1.0000000000000002
C,20260627.0,1.0,20.0,8.0,0.6419195571509573,0.6419195571509573,0.0,axis-ablation-not-paper-estimator,-10.022141515371395,-14.877854976185239,4.855713460813844,93.39715834149976,85.06752977795247,8.329628563547288,22.822767746525454,22.822767746525454,0.0,8.0,1.0,1.0000000000000002
C,20260627.0,2.0,20.0,8.0,0.6419195571509573,0.6419195571509573,0.0,axis-ablation-not-paper-estimator,-11.346802254691447,-18.024260028031268,6.677457773339821,108.2641762105176,92.2108051902524,16.053371020265203,18.865013489300637,18.865013489300637,0.0,8.0,0.875,0.999673073773055
C,20260627.0,3.0,20.0,8.0,0.6419195571509573,0.6419195571509573,0.0,axis-ablation-not-paper-estimator,-14.431660172147485,-17.43415907559242,3.002498903444934,108.48407118756083,82.64486239298577,25.839208794575057,19.87387773942627,19.87387773942627,0.0,8.0,1.0,1.0
C,20260627.0,0.0,20.0,16.0,0.6419195571509573,0.6419195571509573,0.0,axis-ablation-not-paper-estimator,-15.869162482467775,-27.517455202909886,11.648292720442111,139.30372243180665,111.40813835742584,27.895584074380807,43.87795822589877,43.87795822589877,0.0,16.0,0.9375,0.9998243822047609
C,20260627.0,1.0,20.0,16.0,0.6419195571509573,0.6419195571509573,0.0,axis-ablation-not-paper-estimator,-14.33711373346878,-17.332100633621227,2.9949869001524476,274.8718636896635,272.67680123890744,2.1950624507560406,40.771324905103064,40.771324905103064,0.0,16.0,1.0,1.0
C,20260627.0,2.0,20.0,16.0,0.6419195571509573,0.6419195571509573,0.0,axis-ablation-not-paper-estimator,-14.75560414327525,-23.79375109391264,9.03814695063739,165.04117895088143,161.07668055038573,3.9644984004956996,36.16230808162726,36.16230808162726,0.0,16.0,1.0,1.0
C,20260627.0,3.0,20.0,16.0,0.6419195571509573,0.6419195571509573,0.0,axis-ablation-not-paper-estimator,-17.021642516777927,-21.103147880614465,4.081505363836538,127.65321022745574,106.50322169168183,21.149988535773915,36.996292572432154,36.996292572432154,0.0,16.0,0.9375,0.9996768057497385
C,20260627.0,0.0,30.0,4.0,0.6419195571509573,0.6419195571509573,0.0,axis-ablation-not-paper-estimator,-9.560292113308753,-13.71651570159494,4.156223588286187,71.55653420011132,44.05710987150362,27.499424328607695,6.410460912151536,6.410460912151536,0.0,4.0,1.0,1.0
C,20260627.0,1.0,30.0,4.0,0.6419195571509573,0.6419195571509573,0.0,axis-ablation-not-paper-estimator,-6.611482469765137,-9.634650897936613,3.023168428171476,80.19268391553081,50.46378987785852,29.72889403767229,23.309150408531504,23.309150408531504,0.0,4.0,1.0,1.0
C,20260627.0,2.0,30.0,4.0,0.6419195571509573,0.6419195571509573,0.0,axis-ablation-not-paper-estimator,-9.089345258242409,-15.726720599252197,6.637375341009788,89.49670735180068,63.21179585687963,26.284911494921047,11.71617560316115,11.71617560316115,0.0,4.0,1.0,1.0
C,20260627.0,3.0,30.0,4.0,0.6419195571509573,0.6419195571509573,0.0,axis-ablation-not-paper-estimator,-12.154432945386322,-13.477094776673244,1.322661831286922,72.1870457498524,51.266267454140376,20.920778295712026,33.04095804744083,33.04095804744083,0.0,4.0,1.0,1.0
C,20260627.0,0.0,30.0,8.0,0.6419195571509573,0.6419195571509573,0.0,axis-ablation-not-paper-estimator,-12.47160722914879,-16.821318586254023,4.3497113571052335,114.15982414881331,86.04111923066537,28.11870491814794,16.068558553130938,16.068558553130938,0.0,8.0,1.0,1.0000000000000002
C,20260627.0,1.0,30.0,8.0,0.6419195571509573,0.6419195571509573,0.0,axis-ablation-not-paper-estimator,-10.037503559687693,-14.921058750089824,4.883555190402131,93.39715834149976,85.06752977795247,8.329628563547288,22.822767746525454,22.822767746525454,0.0,8.0,1.0,1.0000000000000002
C,20260627.0,2.0,30.0,8.0,0.6419195571509573,0.6419195571509573,0.0,axis-ablation-not-paper-estimator,-11.376478224814782,-17.918832627285525,6.5423544024707425,108.22207330672565,91.1964651941781,17.025608112547545,17.753575368577163,17.753575368577163,0.0,8.0,1.0,1.0
C,20260627.0,3.0,30.0,8.0,0.6419195571509573,0.6419195571509573,0.0,axis-ablation-not-paper-estimator,-14.482615151819058,-17.54629615441376,3.063681002594702,108.48407118756083,82.64486239298577,25.839208794575057,19.87387773942627,19.87387773942627,0.0,8.0,1.0,1.0
C,20260627.0,0.0,30.0,16.0,0.6419195571509573,0.6419195571509573,0.0,axis-ablation-not-paper-estimator,-16.019351365266413,-29.582139414855195,13.562788049588782,164.87331589130434,150.9165428392786,13.956773052025738,41.20662524317409,41.20662524317409,0.0,16.0,1.0,0.9999999999999999
C,20260627.0,1.0,30.0,16.0,0.6419195571509573,0.6419195571509573,0.0,axis-ablation-not-paper-estimator,-14.418686038635546,-17.490529095426922,3.0718430567913764,274.8718636896635,272.67680123890744,2.1950624507560406,40.771324905103064,40.771324905103064,0.0,16.0,1.0,1.0
C,20260627.0,2.0,30.0,16.0,0.6419195571509573,0.6419195571509573,0.0,axis-ablation-not-paper-estimator,-14.840014530912063,-24.88994700794848,10.049932477036416,165.04117895088143,154.9805568591106,10.060622091770824,36.16230808162726,36.16230808162726,0.0,16.0,1.0,1.0
C,20260627.0,3.0,30.0,16.0,0.6419195571509573,0.6419195571509573,0.0,axis-ablation-not-paper-estimator,-17.25003866971052,-21.207193862574396,3.957155192863876,166.7614874822546,144.75058202844804,22.010905453806572,37.46499468964107,37.46499468964107,0.0,16.0,0.9375,0.9999559005102224
D,20260626.0,0.0,0.0,4.0,0.6419195571509573,0.6419195571509573,0.0,axis-ablation-not-paper-estimator,-11.561128832577692,-11.682273244158228,0.12114441158053602,1432.588028456542,1419.933198732883,12.65482972365885,39.88131539094723,39.88131539094723,0.0,4.0,0.5,0.9900680649694323
D,20260626.0,1.0,0.0,4.0,0.6419195571509573,0.6419195571509573,0.0,axis-ablation-not-paper-estimator,-12.313476054478812,-12.48872803623379,0.17525198175497714,1044.3006265093095,1045.0574948175192,-0.7568683082097323,17.202105551773247,17.202105551773247,0.0,4.0,0.75,0.9872328828563993
D,20260626.0,2.0,0.0,4.0,0.6419195571509573,0.6419195571509573,0.0,axis-ablation-not-paper-estimator,-12.249579985930518,-12.388450523517758,0.13887053758723944,1304.4846530939085,1303.3140702078954,1.1705828860131078,10.717715371053178,10.717715371053178,0.0,4.0,0.75,0.9939160655124798
D,20260626.0,3.0,0.0,4.0,0.6419195571509573,0.6419195571509573,0.0,axis-ablation-not-paper-estimator,-10.073091192691862,-10.159305360780234,0.08621416808837168,2593.512761173668,2586.4388508753123,7.073910298355713,61.474493179146656,61.474493179146656,0.0,4.0,0.25,0.9887377835858597
D,20260626.0,0.0,0.0,8.0,0.6419195571509573,0.6419195571509573,0.0,axis-ablation-not-paper-estimator,-9.073532940110832,-8.851167066089928,-0.22236587402090358,1386.3110539398147,1385.7576389380863,0.5534150017283537,42.36495692071501,42.36495692071501,0.0,8.0,0.25,0.9848731927905622
D,20260626.0,1.0,0.0,8.0,0.6419195571509573,0.6419195571509573,0.0,axis-ablation-not-paper-estimator,-9.040913218958163,-9.144960138251534,0.10404691929337062,1545.9213398093077,1544.8079776537247,1.1133621555829905,47.701820534719275,47.701820534719275,0.0,8.0,0.375,0.9816656703454049
D,20260626.0,2.0,0.0,8.0,0.6419195571509573,0.6419195571509573,0.0,axis-ablation-not-paper-estimator,-8.84730646570553,-8.8946527936908,0.047346327985270165,1311.6292011134333,1315.8573659780773,-4.228164864643986,53.64648122712601,53.64648122712601,0.0,8.0,0.375,0.9874218856018594
D,20260626.0,3.0,0.0,8.0,0.6419195571509573,0.6419195571509573,0.0,axis-ablation-not-paper-estimator,-7.8415587793569035,-7.53317231764607,-0.3083864617108336,2542.5477786176093,2549.2234791080646,-6.675700490455256,41.45960982070721,46.749465021448145,-5.289855200740938,8.0,0.125,0.9802435617891045
D,20260626.0,0.0,0.0,16.0,0.6419195571509573,0.6419195571509573,0.0,axis-ablation-not-paper-estimator,-6.6561568644153635,-6.401418046993346,-0.25473881742201776,1275.5827182649266,1279.974556757715,-4.391838492788338,38.24244161992353,38.24244161992353,0.0,13.0,0.125,0.9830507165148927
D,20260626.0,1.0,0.0,16.0,0.6419195571509573,0.6419195571509573,0.0,axis-ablation-not-paper-estimator,-6.42765325180413,-6.233188451055021,-0.19446480074910877,1196.9698306119164,1189.723081476795,7.24674913512149,53.716142683055836,60.93492080080705,-7.218778117751214,13.0,0.25,0.9782629189021851
D,20260626.0,2.0,0.0,16.0,0.6419195571509573,0.6419195571509573,0.0,axis-ablation-not-paper-estimator,-6.3039269839892,-6.419637326088532,0.11571034209933195,1023.7089406803656,1021.819204854301,1.889735826064566,53.37610476198833,53.37610476198833,0.0,13.0,0.3125,0.9874435800963028
D,20260626.0,3.0,0.0,16.0,0.6419195571509573,0.6419195571509573,0.0,axis-ablation-not-paper-estimator,-5.772765645485199,-5.453662953102111,-0.31910269238308864,1941.0130604850285,1944.3024070828767,-3.28934659784818,31.8584772471442,31.8584772471442,0.0,13.0,0.125,0.981788197543415
D,20260626.0,0.0,10.0,4.0,0.6419195571509573,0.6419195571509573,0.0,axis-ablation-not-paper-estimator,-18.757735439037482,-18.848307974546206,0.09057253550872346,64.99976918180084,66.34797979161657,-1.3482106098157232,21.792532113170097,26.050022646445687,-4.25749053327559,4.0,0.75,0.9971456544635213
D,20260626.0,1.0,10.0,4.0,0.6419195571509573,0.6419195571509573,0.0,axis-ablation-not-paper-estimator,-18.925486478526416,-17.643186474927518,-1.2823000035988983,24.20272090653388,30.587677818387725,-6.384956911853845,6.130287976489136,6.130287976489136,0.0,4.0,1.0,1.0
D,20260626.0,2.0,10.0,4.0,0.6419195571509573,0.6419195571509573,0.0,axis-ablation-not-paper-estimator,-17.61237438237872,-17.429478098600143,-0.1828962837785788,268.80194165983545,276.8467508791918,-8.044809219356353,22.32129055814465,22.32129055814465,0.0,4.0,0.75,0.9962138254513531
D,20260626.0,3.0,10.0,4.0,0.6419195571509573,0.6419195571509573,0.0,axis-ablation-not-paper-estimator,-18.503883889805167,-19.217571681950858,0.7136877921456914,126.54157350865877,127.87136486831226,-1.329791359653484,17.899690468825888,17.899690468825888,0.0,4.0,0.75,0.9987183803301896
D,20260626.0,0.0,10.0,8.0,0.6419195571509573,0.6419195571509573,0.0,axis-ablation-not-paper-estimator,-17.578700501589182,-17.692226525970792,0.11352602438160986,1201.1023129044706,1188.7673269255201,12.334985978950499,22.137646967345994,40.44229693516888,-18.30464996782289,8.0,0.5,0.9950323930286344
D,20260626.0,1.0,10.0,8.0,0.6419195571509573,0.6419195571509573,0.0,axis-ablation-not-paper-estimator,-18.78475747631421,-16.835878741072506,-1.9488787352417027,947.0200318545893,936.7530269072948,10.267004947294481,47.38493196301955,47.38493196301955,0.0,8.0,0.75,0.9978401140571519
D,20260626.0,2.0,10.0,8.0,0.6419195571509573,0.6419195571509573,0.0,axis-ablation-not-paper-estimator,-19.73768340143747,-19.202707916984252,-0.5349754844532164,464.4493778667287,458.2240235435181,6.225354323210581,27.565777063537485,27.565777063537485,0.0,8.0,0.75,0.9993143826843206
D,20260626.0,3.0,10.0,8.0,0.6419195571509573,0.6419195571509573,0.0,axis-ablation-not-paper-estimator,-21.04949821407388,-20.711085554200576,-0.3384126598733026,368.96069374571715,390.9821174143695,-22.021423668652346,42.19508109967554,42.19508109967554,0.0,8.0,0.875,0.999096127807784
D,20260626.0,0.0,10.0,16.0,0.6419195571509573,0.6419195571509573,0.0,axis-ablation-not-paper-estimator,-16.363792742304554,-16.183405635661902,-0.18038710664265167,1069.0388685371079,1056.6341937509783,12.40467478612959,38.821125374388195,38.821125374388195,0.0,13.0,0.4375,0.9972292134192082
D,20260626.0,1.0,10.0,16.0,0.6419195571509573,0.6419195571509573,0.0,axis-ablation-not-paper-estimator,-16.335544770374234,-14.88082658599758,-1.4547181843766541,851.8374615126775,855.0652393997515,-3.227777887074012,48.517876759994714,51.392212705203136,-2.874335945208422,13.0,0.4375,0.9950024399499429
D,20260626.0,2.0,10.0,16.0,0.6419195571509573,0.6419195571509573,0.0,axis-ablation-not-paper-estimator,-16.548581348558905,-16.192401584771122,-0.3561797637877824,567.8729392864519,567.6420492299895,0.23089005646238547,33.278745256278484,33.278745256278484,0.0,13.0,0.5625,0.9967508591866661
D,20260626.0,3.0,10.0,16.0,0.6419195571509573,0.6419195571509573,0.0,axis-ablation-not-paper-estimator,-17.222886229383995,-16.92181084413672,-0.30107538524727673,541.9005762114914,537.1976738963492,4.7029023151421825,57.389600797037986,57.389600797037986,0.0,13.0,0.5,0.9977214185742107
D,20260626.0,0.0,20.0,4.0,0.6419195571509573,0.6419195571509573,0.0,axis-ablation-not-paper-estimator,-21.02281944490274,-20.261914659410103,-0.7609047854926381,40.33996429372146,66.34797979161657,-26.00801549789511,13.677448056174853,13.677448056174853,0.0,4.0,1.0,1.0
D,20260626.0,1.0,20.0,4.0,0.6419195571509573,0.6419195571509573,0.0,axis-ablation-not-paper-estimator,-19.30817323376305,-18.05797441085415,-1.2501988229088994,24.20272090653388,30.587677818387725,-6.384956911853845,6.130287976489136,6.130287976489136,0.0,4.0,1.0,1.0
D,20260626.0,2.0,20.0,4.0,0.6419195571509573,0.6419195571509573,0.0,axis-ablation-not-paper-estimator,-19.05740185078329,-19.394570245489597,0.3371683947063069,40.33996429372146,36.90139658884365,3.438567704877805,14.376934529192742,14.376934529192742,0.0,4.0,1.0,1.0
D,20260626.0,3.0,20.0,4.0,0.6419195571509573,0.6419195571509573,0.0,axis-ablation-not-paper-estimator,-19.512503632618543,-18.83843492020126,-0.6740687124172844,92.23085257963434,100.70966871666104,-8.478816137026698,11.678334907173456,11.678334907173456,0.0,4.0,0.75,0.9999569589350485
D,20260626.0,0.0,20.0,8.0,0.6419195571509573,0.6419195571509573,0.0,axis-ablation-not-paper-estimator,-25.894005255344542,-22.680667480121564,-3.2133377752229784,204.90740781601164,197.6567222319797,7.250685584031942,52.110497423079735,43.45822318539448,8.652274237685255,8.0,1.0,1.0
D,20260626.0,1.0,20.0,8.0,0.6419195571509573,0.6419195571509573,0.0,axis-ablation-not-paper-estimator,-21.977417251840112,-21.149460972616495,-0.827956279223617,289.1324250328061,302.45672194476896,-13.324296911962847,31.14628980398086,45.648555213252415,-14.502265409271555,8.0,0.875,0.9997794746055847
D,20260626.0,2.0,20.0,8.0,0.6419195571509573,0.6419195571509573,0.0,axis-ablation-not-paper-estimator,-22.22899211791699,-21.137609836842014,-1.0913822810749778,62.949191286382764,46.85317714744712,16.096014138935644,25.703544678358448,25.703544678358448,0.0,8.0,0.75,0.9996656721508821
D,20260626.0,3.0,20.0,8.0,0.6419195571509573,0.6419195571509573,0.0,axis-ablation-not-paper-estimator,-25.823927005035245,-22.447720310177782,-3.376206694857462,366.0774744103224,366.553775845787,-0.4763014354646202,44.60472917202898,44.60472917202898,0.0,8.0,1.0,1.0
D,20260626.0,0.0,20.0,16.0,0.6419195571509573,0.6419195571509573,0.0,axis-ablation-not-paper-estimator,-26.746816659833705,-22.824962791318292,-3.921853868515413,279.7231988941183,268.25814846304735,11.46505043107095,43.763020012440705,45.94860212074675,-2.1855821083060434,13.0,0.6875,0.9994575560691089
D,20260626.0,1.0,20.0,16.0,0.6419195571509573,0.6419195571509573,0.0,axis-ablation-not-paper-estimator,-24.700234902193667,-24.08960132656565,-0.6106335756280181,224.1899226888918,234.5912281773333,-10.401305488441494,50.891681634686385,40.17935688064002,10.712324754046364,13.0,0.875,0.9996057947535771
D,20260626.0,2.0,20.0,16.0,0.6419195571509573,0.6419195571509573,0.0,axis-ablation-not-paper-estimator,-24.539844608555295,-23.69640548452246,-0.8434391240328338,115.50996907533282,113.4967387216442,2.0132303536886127,37.27847262758525,25.761073295266335,11.517399332318917,13.0,0.8125,0.9994771224294103
D,20260626.0,3.0,20.0,16.0,0.6419195571509573,0.6419195571509573,0.0,axis-ablation-not-paper-estimator,-25.49294622299998,-23.892866052127737,-1.6000801708722427,431.3144983342234,435.8251438267162,-4.510645492492813,37.054434512894915,37.054434512894915,0.0,13.0,0.6875,0.9992330611670452
D,20260626.0,0.0,30.0,4.0,0.6419195571509573,0.6419195571509573,0.0,axis-ablation-not-paper-estimator,-21.062588324515275,-20.769044748357572,-0.29354357615770255,40.33996429372146,58.175530792471726,-17.835566498750268,13.677448056174853,14.584985213238502,-0.9075371570636488,4.0,1.0,1.0
D,20260626.0,1.0,30.0,4.0,0.6419195571509573,0.6419195571509573,0.0,axis-ablation-not-paper-estimator,-19.380537200769556,-18.099141230466454,-1.2813959703031017,24.20272090653388,30.587677818387725,-6.384956911853845,6.130287976489136,6.130287976489136,0.0,4.0,1.0,1.0
D,20260626.0,2.0,30.0,4.0,0.6419195571509573,0.6419195571509573,0.0,axis-ablation-not-paper-estimator,-19.103579793986448,-19.436511332388665,0.33293153840221734,40.33996429372146,36.90139658884365,3.438567704877805,14.376934529192742,14.376934529192742,0.0,4.0,1.0,1.0
D,20260626.0,3.0,30.0,4.0,0.6419195571509573,0.6419195571509573,0.0,axis-ablation-not-paper-estimator,-19.54586782810095,-18.86789614740875,-0.6779716806921989,92.23085257963434,100.70966871666104,-8.478816137026698,11.678334907173456,11.678334907173456,0.0,4.0,0.75,0.9999569589350485
D,20260626.0,0.0,30.0,8.0,0.6419195571509573,0.6419195571509573,0.0,axis-ablation-not-paper-estimator,-25.88392491980892,-23.271542099997006,-2.612382819811913,206.3174248690496,195.67110649732857,10.646318371721037,34.534789831969896,43.45822318539448,-8.923433353424585,8.0,0.875,0.9999355553901126
D,20260626.0,1.0,30.0,8.0,0.6419195571509573,0.6419195571509573,0.0,axis-ablation-not-paper-estimator,-22.382790626295677,-20.989843263454233,-1.3929473628414435,330.94421418087904,352.0135603148707,-21.069346133991644,28.400688738216672,28.400688738216672,0.0,8.0,1.0,0.9999999999999999
D,20260626.0,2.0,30.0,8.0,0.6419195571509573,0.6419195571509573,0.0,axis-ablation-not-paper-estimator,-22.754354344326483,-21.686255409476033,-1.0680989348504504,193.7666124249667,206.04220107106204,-12.275588646095343,33.546168834086195,33.546168834086195,0.0,8.0,0.875,0.9999607546726499
D,20260626.0,3.0,30.0,8.0,0.6419195571509573,0.6419195571509573,0.0,axis-ablation-not-paper-estimator,-26.026527261432854,-23.245099678576928,-2.781427582855926,366.0774744103224,370.7228447903764,-4.6453703800540325,44.60472917202898,44.60472917202898,0.0,8.0,1.0,1.0
D,20260626.0,0.0,30.0,16.0,0.6419195571509573,0.6419195571509573,0.0,axis-ablation-not-paper-estimator,-31.374467287194943,-26.836719803780245,-4.537747483414698,220.51740093083814,233.35500283613794,-12.837601905299806,41.57251149978742,39.610559027888776,1.9619524718986412,13.0,0.875,0.9999497265253492
D,20260626.0,1.0,30.0,16.0,0.6419195571509573,0.6419195571509573,0.0,axis-ablation-not-paper-estimator,-26.811317171085953,-26.082934799275566,-0.7283823718103868,163.81969726656433,161.2248737542161,2.5948235123482277,23.342144436935293,30.940851979401817,-7.598707542466524,13.0,1.0,1.0
D,20260626.0,2.0,30.0,16.0,0.6419195571509573,0.6419195571509573,0.0,axis-ablation-not-paper-estimator,-26.60880673189336,-26.229111260267857,-0.379695471625503,145.96875942929285,147.02723017339557,-1.0584707441027206,24.32297967620367,24.32297967620367,0.0,13.0,0.9375,0.9999537220639064
D,20260626.0,3.0,30.0,16.0,0.6419195571509573,0.6419195571509573,0.0,axis-ablation-not-paper-estimator,-29.919355082266318,-28.224720622941494,-1.6946344593248241,148.29241090597353,161.24508318629952,-12.952672280325999,28.67810368926551,32.187438048527135,-3.5093343592616257,13.0,1.0,1.0
D,20260627.0,0.0,0.0,4.0,0.6419195571509573,0.6419195571509573,0.0,axis-ablation-not-paper-estimator,-10.901008738545336,-10.244122962016176,-0.65688577652916,1917.2652082440754,1917.5124016742259,-0.24719343015044615,47.57132301900493,47.57132301900493,0.0,4.0,0.5,0.9837768286219807
D,20260627.0,1.0,0.0,4.0,0.6419195571509573,0.6419195571509573,0.0,axis-ablation-not-paper-estimator,-9.985504950824875,-9.734619237172183,-0.25088571365269274,1982.1180654610364,1991.3862144164589,-9.268148955422475,51.29575776337834,51.29575776337834,0.0,4.0,0.25,0.9845526451869445
D,20260627.0,2.0,0.0,4.0,0.6419195571509573,0.6419195571509573,0.0,axis-ablation-not-paper-estimator,-10.60353491473439,-10.511966501943878,-0.09156841279051164,2353.684179626012,2360.10334853625,-6.419168910238113,19.3416372449618,19.3416372449618,0.0,4.0,0.5,0.9941365276867966
D,20260627.0,3.0,0.0,4.0,0.6419195571509573,0.6419195571509573,0.0,axis-ablation-not-paper-estimator,-9.723019331873875,-9.501502060189548,-0.221517271684327,2683.779172448988,2674.196590696327,9.582581752661099,33.00427409116946,33.00427409116946,0.0,4.0,0.25,0.9833408498407135
D,20260627.0,0.0,0.0,8.0,0.6419195571509573,0.6419195571509573,0.0,axis-ablation-not-paper-estimator,-8.197789901711085,-7.569849090316979,-0.6279408113941054,2258.992572233344,2268.5214925387527,-9.52892030540852,58.19090091598981,58.19090091598981,0.0,8.0,0.25,0.972705858697369
D,20260627.0,1.0,0.0,8.0,0.6419195571509573,0.6419195571509573,0.0,axis-ablation-not-paper-estimator,-7.4663722584787084,-6.92592782360979,-0.5404444348689186,2227.2933790754773,2218.7926730864683,8.50070598900902,42.62903006660724,42.62903006660724,0.0,8.0,0.25,0.9791472284127861
D,20260627.0,2.0,0.0,8.0,0.6419195571509573,0.6419195571509573,0.0,axis-ablation-not-paper-estimator,-7.909269730663459,-7.745299350671344,-0.16397037999211506,2485.2372984004705,2493.1909401588146,-7.95364175834402,42.24968707720361,42.24968707720361,0.0,8.0,0.25,0.9868762169769442
D,20260627.0,3.0,0.0,8.0,0.6419195571509573,0.6419195571509573,0.0,axis-ablation-not-paper-estimator,-7.891693801992008,-7.665144861218993,-0.22654894077301524,1995.4262752500251,1989.6023896247207,5.823885625304456,43.71161079395656,43.71161079395656,0.0,8.0,0.25,0.9778026408804853
D,20260627.0,0.0,0.0,16.0,0.6419195571509573,0.6419195571509573,0.0,axis-ablation-not-paper-estimator,-6.023070287021418,-5.630587820103941,-0.39248246691747646,1673.1119070106547,1675.7842565123524,-2.6723495016976813,29.263449594301974,29.263449594301974,0.0,13.0,0.125,0.9680112423953691
D,20260627.0,1.0,0.0,16.0,0.6419195571509573,0.6419195571509573,0.0,axis-ablation-not-paper-estimator,-5.496548313931385,-5.204819667078998,-0.29172864685238675,1341.1920922116456,1339.2653147812282,1.92677743041736,52.48533327193077,52.48533327193077,0.0,13.0,0.125,0.975613546487581
D,20260627.0,2.0,0.0,16.0,0.6419195571509573,0.6419195571509573,0.0,axis-ablation-not-paper-estimator,-5.69798429435849,-5.521819875569536,-0.1761644187889546,1210.1575581956338,1210.2826363636404,-0.1250781680066666,45.227322648425556,45.227322648425556,0.0,13.0,0.1875,0.9839082922632555
D,20260627.0,3.0,0.0,16.0,0.6419195571509573,0.6419195571509573,0.0,axis-ablation-not-paper-estimator,-6.079652030138307,-5.5928878057472176,-0.4867642243910897,951.1371773234442,940.1536227551776,10.98355456826664,56.4133197132275,56.4133197132275,0.0,13.0,0.25,0.9816319261970042
D,20260627.0,0.0,10.0,4.0,0.6419195571509573,0.6419195571509573,0.0,axis-ablation-not-paper-estimator,-16.57222713720885,-13.974501376998232,-2.5977257602106167,92.37338897911793,101.87078086798525,-9.497391888867313,31.47074202922628,31.47074202922628,0.0,4.0,0.75,0.9974450021048811
D,20260627.0,1.0,10.0,4.0,0.6419195571509573,0.6419195571509573,0.0,axis-ablation-not-paper-estimator,-17.47871829144287,-16.643764977723954,-0.8349533137189162,1367.83575173869,1359.113146128646,8.722605610044184,24.77515727763811,24.77515727763811,0.0,4.0,0.75,0.9967217648649231
D,20260627.0,2.0,10.0,4.0,0.6419195571509573,0.6419195571509573,0.0,axis-ablation-not-paper-estimator,-17.77403609429279,-17.177259667333054,-0.5967764269597353,78.25591603332497,93.08400663768984,-14.828090604364874,19.449817575251885,19.449817575251885,0.0,4.0,0.5,0.997649187954144
D,20260627.0,3.0,10.0,4.0,0.6419195571509573,0.6419195571509573,0.0,axis-ablation-not-paper-estimator,-17.246595155422604,-17.26336754276411,0.016772387341507766,60.28200020957483,45.1893645478479,15.09263566172693,8.502252222378571,8.502252222378571,0.0,4.0,0.5,0.9962723448174434
D,20260627.0,0.0,10.0,8.0,0.6419195571509573,0.6419195571509573,0.0,axis-ablation-not-paper-estimator,-20.14452236373502,-19.795087019276764,-0.3494353444582572,494.98226913461065,519.1922707128514,-24.210001578240735,36.478895912937986,36.478895912937986,0.0,8.0,0.875,0.9994470408392171
D,20260627.0,1.0,10.0,8.0,0.6419195571509573,0.6419195571509573,0.0,axis-ablation-not-paper-estimator,-17.215515548342548,-16.58950645630575,-0.6260090920367993,1330.0357537475159,1327.0996976661895,2.936056081326342,46.55411588101214,46.55411588101214,0.0,8.0,0.625,0.9938926966551824
D,20260627.0,2.0,10.0,8.0,0.6419195571509573,0.6419195571509573,0.0,axis-ablation-not-paper-estimator,-19.22680196995345,-19.285741736341006,0.0589397663875566,1307.2955865515894,1304.0936009026402,3.201985648949176,53.36084983134626,53.36084983134626,0.0,8.0,0.875,0.998054859771967
D,20260627.0,3.0,10.0,8.0,0.6419195571509573,0.6419195571509573,0.0,axis-ablation-not-paper-estimator,-19.73425245932959,-19.074672023557955,-0.6595804357716339,377.5361926138593,381.9749192473766,-4.438726633517263,26.954073863641522,26.954073863641522,0.0,8.0,0.75,0.9977351867850063
D,20260627.0,0.0,10.0,16.0,0.6419195571509573,0.6419195571509573,0.0,axis-ablation-not-paper-estimator,-16.38260400270806,-15.840246621603933,-0.5423573811041269,905.257554966518,921.0373306682698,-15.77977570175176,41.70555355726654,41.70555355726654,0.0,13.0,0.5,0.9945766808515243
D,20260627.0,1.0,10.0,16.0,0.6419195571509573,0.6419195571509573,0.0,axis-ablation-not-paper-estimator,-16.556099215762153,-15.799089050273,-0.7570101654891523,534.1843063580268,530.8182586270827,3.3660477309440466,55.55827993272793,55.55827993272793,0.0,13.0,0.5,0.9955583967300761
D,20260627.0,2.0,10.0,16.0,0.6419195571509573,0.6419195571509573,0.0,axis-ablation-not-paper-estimator,-18.044917614857564,-17.683332336030766,-0.3615852788267979,444.965441619006,456.38372807032135,-11.418286451315339,30.23422120877902,30.23422120877902,0.0,13.0,0.625,0.9976387507644191
D,20260627.0,3.0,10.0,16.0,0.6419195571509573,0.6419195571509573,0.0,axis-ablation-not-paper-estimator,-16.993818902397006,-16.344302966049067,-0.6495159363479388,791.3355746744046,802.3427201101997,-11.00714543579511,58.4713030885434,58.4713030885434,0.0,13.0,0.4375,0.9966478139037601
D,20260627.0,0.0,20.0,4.0,0.6419195571509573,0.6419195571509573,0.0,axis-ablation-not-paper-estimator,-17.427237863473362,-15.657839645600777,-1.7693982178725847,46.757581058514965,53.15457110624919,-6.396990047734228,10.068319104920956,10.068319104920956,0.0,4.0,0.75,0.9996992799900409
D,20260627.0,1.0,20.0,4.0,0.6419195571509573,0.6419195571509573,0.0,axis-ablation-not-paper-estimator,-19.50215844747992,-18.329277321085943,-1.1728811263939782,262.08006637168677,265.57630578150867,-3.4962394098218965,24.77515727763811,24.77515727763811,0.0,4.0,1.0,1.0
D,20260627.0,2.0,20.0,4.0,0.6419195571509573,0.6419195571509573,0.0,axis-ablation-not-paper-estimator,-18.635337905352582,-18.86958603434707,0.2342481289944871,46.75758105851496,53.15457110624919,-6.396990047734235,28.703976790871774,28.703976790871774,0.0,4.0,0.75,0.9997241126455813
D,20260627.0,3.0,20.0,4.0,0.6419195571509573,0.6419195571509573,0.0,axis-ablation-not-paper-estimator,-19.039217305760353,-18.59197812403676,-0.44723918172359234,274.42632501683465,298.37359458525026,-23.947269568415606,18.128363458876972,18.128363458876972,0.0,4.0,1.0,1.0
D,20260627.0,0.0,20.0,8.0,0.6419195571509573,0.6419195571509573,0.0,axis-ablation-not-paper-estimator,-21.65425876971399,-20.600135505815626,-1.054123263898365,494.98226913461065,519.1922707128514,-24.210001578240735,30.661241620743645,30.661241620743645,0.0,8.0,0.875,0.9999004868888896
D,20260627.0,1.0,20.0,8.0,0.6419195571509573,0.6419195571509573,0.0,axis-ablation-not-paper-estimator,-22.38468363877816,-19.746203916878212,-2.638479721899948,220.8772711296913,241.48633188559572,-20.60906075590441,40.85452495229171,40.85452495229171,0.0,8.0,1.0,1.0
D,20260627.0,2.0,20.0,8.0,0.6419195571509573,0.6419195571509573,0.0,axis-ablation-not-paper-estimator,-22.016335360311672,-21.94212224812837,-0.07421311218330118,209.17945401608372,230.52136767889124,-21.341913662807514,55.4798750424189,55.4798750424189,0.0,8.0,1.0,1.0000000000000002
D,20260627.0,3.0,20.0,8.0,0.6419195571509573,0.6419195571509573,0.0,axis-ablation-not-paper-estimator,-25.789077897284407,-22.67968270965183,-3.109395187632579,203.49377220763688,215.8381495665699,-12.34437735893303,33.70152495498649,33.70152495498649,0.0,8.0,1.0,1.0
D,20260627.0,0.0,20.0,16.0,0.6419195571509573,0.6419195571509573,0.0,axis-ablation-not-paper-estimator,-25.31209236151107,-23.49981880986163,-1.8122735516494402,111.32850525088219,135.9129657541048,-24.5844605032226,49.82715470916679,46.090225724477136,3.736928984689655,13.0,0.875,0.9995491293219282
D,20260627.0,1.0,20.0,16.0,0.6419195571509573,0.6419195571509573,0.0,axis-ablation-not-paper-estimator,-25.907520426402417,-22.39244703591862,-3.5150733904837956,101.4009674675499,100.26558048918629,1.1353869783636128,20.26465132111647,34.73787269920003,-14.473221378083561,13.0,0.9375,0.9999775540718143
D,20260627.0,2.0,20.0,16.0,0.6419195571509573,0.6419195571509573,0.0,axis-ablation-not-paper-estimator,-26.18836449616351,-26.926285927880862,0.7379214317173535,285.07261376502845,298.0977216864546,-13.025107921426127,37.42321874500799,36.51763167656022,0.9055870684477725,13.0,0.8125,0.9996547696358811
D,20260627.0,3.0,20.0,16.0,0.6419195571509573,0.6419195571509573,0.0,axis-ablation-not-paper-estimator,-25.593022662435327,-23.52438889866597,-2.068633763769359,121.48519234082572,124.19544699019733,-2.710254649371606,53.05782760575281,53.05782760575281,0.0,13.0,0.75,0.9993703261139927
D,20260627.0,0.0,30.0,4.0,0.6419195571509573,0.6419195571509573,0.0,axis-ablation-not-paper-estimator,-17.523256634095322,-14.946136209237245,-2.5771204248580766,78.25591603332497,101.87078086798525,-23.61486483466028,13.064113771857134,8.258314486029635,4.805799285827499,4.0,1.0,1.0
D,20260627.0,1.0,30.0,4.0,0.6419195571509573,0.6419195571509573,0.0,axis-ablation-not-paper-estimator,-19.56441678085588,-18.38081764609771,-1.1835991347581682,262.08006637168677,265.57630578150867,-3.4962394098218965,24.77515727763811,24.77515727763811,0.0,4.0,1.0,1.0
D,20260627.0,2.0,30.0,4.0,0.6419195571509573,0.6419195571509573,0.0,axis-ablation-not-paper-estimator,-18.83340132582973,-18.924619667903244,0.09121834207351398,84.23095494208754,84.77481281932545,-0.5438578772379117,9.843302970919188,9.843302970919188,0.0,4.0,1.0,1.0
D,20260627.0,3.0,30.0,4.0,0.6419195571509573,0.6419195571509573,0.0,axis-ablation-not-paper-estimator,-19.054768132470745,-18.60190890722955,-0.4528592252411947,274.42632501683465,298.37359458525026,-23.947269568415606,18.128363458876972,18.128363458876972,0.0,4.0,1.0,1.0
D,20260627.0,0.0,30.0,8.0,0.6419195571509573,0.6419195571509573,0.0,axis-ablation-not-paper-estimator,-21.85966857043541,-19.968895417930273,-1.8907731525051368,491.27256005908333,516.2590647019883,-24.986504642905004,31.93933155688272,31.93933155688272,0.0,8.0,1.0,1.0
D,20260627.0,1.0,30.0,8.0,0.6419195571509573,0.6419195571509573,0.0,axis-ablation-not-paper-estimator,-22.51538424071041,-19.67946511364899,-2.8359191270614197,100.65169521321965,119.86248363458944,-19.210788421369784,29.720275417522707,29.720275417522707,0.0,8.0,0.875,0.9999722047221012
D,20260627.0,2.0,30.0,8.0,0.6419195571509573,0.6419195571509573,0.0,axis-ablation-not-paper-estimator,-22.343500138951935,-22.233651544143015,-0.10984859480891984,209.17945401608372,230.52136767889124,-21.341913662807514,55.4798750424189,55.4798750424189,0.0,8.0,1.0,1.0000000000000002
D,20260627.0,3.0,30.0,8.0,0.6419195571509573,0.6419195571509573,0.0,axis-ablation-not-paper-estimator,-26.05865638230133,-22.848136484162342,-3.210519898138987,203.49377220763688,215.8381495665699,-12.34437735893303,33.70152495498649,33.70152495498649,0.0,8.0,1.0,1.0
D,20260627.0,0.0,30.0,16.0,0.6419195571509573,0.6419195571509573,0.0,axis-ablation-not-paper-estimator,-27.75160977132216,-26.736083828146366,-1.015525943175792,250.9855436220262,256.8641019976103,-5.878558375584106,32.043046213544166,28.661312066746216,3.3817341467979496,13.0,1.0,0.9999999999999999
D,20260627.0,1.0,30.0,16.0,0.6419195571509573,0.6419195571509573,0.0,axis-ablation-not-paper-estimator,-27.074490716870443,-22.99154671875606,-4.082943998114384,101.4009674675499,97.86095080353005,3.540016664019859,20.26465132111647,19.961665889285722,0.30298543183074855,13.0,0.9375,0.9999764364397604
D,20260627.0,2.0,30.0,16.0,0.6419195571509573,0.6419195571509573,0.0,axis-ablation-not-paper-estimator,-29.204593865817735,-30.659445126762463,1.4548512609447286,192.23661008197897,196.8809364269057,-4.644326344926725,28.136842040795358,24.418288799023237,3.7185532417721205,13.0,0.9375,0.9999759258647469
D,20260627.0,3.0,30.0,16.0,0.6419195571509573,0.6419195571509573,0.0,axis-ablation-not-paper-estimator,-29.360460556928594,-25.32151686143081,-4.038943695497785,127.80162092073404,130.03318996259597,-2.231569041861931,39.425990838315506,34.68192014391019,4.744070694405316,13.0,1.0,1.0000000000000002
