profile,seed,snr_db,l_value,n_samples,source_alpha,delay_alpha,angle_alpha,estimator_mode,mean_grid_channel_nmse_db,mean_trained_refinement_channel_nmse_db,mean_trained_refinement_gain_vs_grid_db,mean_grid_physical_delay_rmse_ns,mean_trained_refinement_physical_delay_rmse_ns,mean_physical_delay_rmse_reduction_vs_grid_ns,mean_grid_projected_broadside_angle_rmse_deg,mean_trained_refinement_projected_broadside_angle_rmse_deg,mean_projected_angle_rmse_reduction_vs_grid_deg,mean_support_recall,mean_topk_energy_efficiency
A,20260626.0,0.0,4.0,4.0,0.6419195571509573,0.6419195571509573,0.0,axis-ablation-not-paper-estimator,-7.469479954939043,-10.94730084068737,3.477820885748328,115.42643280691922,99.72738055037229,15.699052256546949,25.528811697968692,25.528811697968692,0.0,0.9375,0.9876993648898842
A,20260626.0,0.0,8.0,4.0,0.6419195571509573,0.6419195571509573,0.0,axis-ablation-not-paper-estimator,-7.9970897330675985,-11.043089778328403,3.046000045260804,971.7506900804367,971.5839091178458,0.16678096259085962,37.75423328481329,34.18846910261587,3.565764182197415,0.8125,0.9821377619202674
A,20260626.0,0.0,16.0,4.0,0.6419195571509573,0.6419195571509573,0.0,axis-ablation-not-paper-estimator,-5.9041886458534965,-7.25092269824591,1.346734052392413,1570.7788466794432,1569.6373597581487,1.141486921294188,33.90562391205945,33.90562391205945,0.0,0.515625,0.9538195589490055
A,20260626.0,10.0,4.0,4.0,0.6419195571509573,0.6419195571509573,0.0,axis-ablation-not-paper-estimator,-7.912881396376008,-11.852068701433076,3.9391873050570676,95.03169154441964,85.94854379708534,9.083147747334298,24.31712481871731,24.31712481871731,0.0,0.875,0.9903821823036573
A,20260626.0,10.0,8.0,4.0,0.6419195571509573,0.6419195571509573,0.0,axis-ablation-not-paper-estimator,-10.6447981279311,-18.842543386655965,8.197745258724865,127.24859709044787,124.34133528808343,2.9072618023644274,26.655174429000738,25.08087793848516,1.5742964905155823,0.90625,0.9976510979492663
A,20260626.0,10.0,16.0,4.0,0.6419195571509573,0.6419195571509573,0.0,axis-ablation-not-paper-estimator,-12.620120028290167,-18.81450397499412,6.194383946703954,510.1211769583532,514.2041637480545,-4.0829867897013585,30.52433467915233,29.71673347273222,0.8076012064201059,0.84375,0.9947856186744567
A,20260626.0,20.0,4.0,4.0,0.6419195571509573,0.6419195571509573,0.0,axis-ablation-not-paper-estimator,-8.092910535358746,-12.305119783069049,4.212209247710302,108.77070503339405,94.41544263037392,14.355262403020127,25.528811697968692,25.528811697968692,0.0,1.0,1.0
A,20260626.0,20.0,8.0,4.0,0.6419195571509573,0.6419195571509573,0.0,axis-ablation-not-paper-estimator,-10.920396643024853,-19.31484487820181,8.394448235176954,137.93210472187207,133.6205125275079,4.311592194364131,32.34545289208007,32.28582538052604,0.05962751155402657,1.0,1.0
A,20260626.0,20.0,16.0,4.0,0.6419195571509573,0.6419195571509573,0.0,axis-ablation-not-paper-estimator,-13.796033119640494,-24.420124331785075,10.624091212144577,267.9747137439461,278.35275532985656,-10.378041585910488,26.99656312365413,23.652248531741563,3.3443145919125667,0.921875,0.9991281090816722
A,20260626.0,30.0,4.0,4.0,0.6419195571509573,0.6419195571509573,0.0,axis-ablation-not-paper-estimator,-8.099089019113563,-12.321706401103029,4.222617381989464,108.77070503339405,94.41544263037392,14.355262403020127,25.528811697968692,25.528811697968692,0.0,1.0,1.0
A,20260626.0,30.0,8.0,4.0,0.6419195571509573,0.6419195571509573,0.0,axis-ablation-not-paper-estimator,-10.941521790851974,-19.476412843125058,8.534891052273084,137.93210472187207,133.6205125275079,4.311592194364131,32.34545289208007,32.28582538052604,0.05962751155402657,1.0,1.0
A,20260626.0,30.0,16.0,4.0,0.6419195571509573,0.6419195571509573,0.0,axis-ablation-not-paper-estimator,-14.004545641378575,-25.509236078552167,11.504690437173592,270.0783591612317,278.1053646629233,-8.027005501691598,27.20764487104517,24.653558365181887,2.554086505863282,0.96875,0.9999247652919876
A,20260627.0,0.0,4.0,4.0,0.6419195571509573,0.6419195571509573,0.0,axis-ablation-not-paper-estimator,-6.759163834612769,-10.762825833051004,4.003661998438236,86.81713419107237,65.29248503538426,21.52464915568811,26.18241573967832,26.18241573967832,0.0,0.875,0.9932976575290158
A,20260627.0,0.0,8.0,4.0,0.6419195571509573,0.6419195571509573,0.0,axis-ablation-not-paper-estimator,-7.268054549480468,-10.766543694117116,3.498489144636649,993.4974308815515,994.0016094490218,-0.5041785674702908,39.264824493449524,39.22629548277589,0.03852901067362602,0.75,0.9608977592400587
A,20260627.0,0.0,16.0,4.0,0.6419195571509573,0.6419195571509573,0.0,axis-ablation-not-paper-estimator,-6.437637088799497,-7.768266099441078,1.330629010641582,1025.301987522031,1025.6523049735388,-0.35031745150800475,31.14471895337227,32.0495220743075,-0.9048031209352283,0.59375,0.9544439871914376
A,20260627.0,10.0,4.0,4.0,0.6419195571509573,0.6419195571509573,0.0,axis-ablation-not-paper-estimator,-7.10999679277003,-11.044964349361516,3.9349675565914857,67.24000323038749,54.95709646148887,12.28290676889862,25.484781932783896,25.484781932783896,0.0,0.875,0.996642849911668
A,20260627.0,10.0,8.0,4.0,0.6419195571509573,0.6419195571509573,0.0,axis-ablation-not-paper-estimator,-9.857206303562414,-17.1220882878282,7.264881984265785,84.06423552655046,70.47655805948105,13.587677467069414,32.3529194945984,32.3529194945984,0.0,0.90625,0.9990904155041311
A,20260627.0,10.0,16.0,4.0,0.6419195571509573,0.6419195571509573,0.0,axis-ablation-not-paper-estimator,-12.15261381199224,-19.198262131132463,7.045648319140225,347.8502658418842,354.6954689967601,-6.845203154875868,21.560900808831757,23.695176412349305,-2.134275603517545,0.875,0.994787858648643
A,20260627.0,20.0,4.0,4.0,0.6419195571509573,0.6419195571509573,0.0,axis-ablation-not-paper-estimator,-7.212373565363527,-11.129213420120436,3.9168398547569083,89.37609281744207,75.77628907897773,13.599803738464344,23.332334821583828,23.332334821583828,0.0,1.0,1.0
A,20260627.0,20.0,8.0,4.0,0.6419195571509573,0.6419195571509573,0.0,axis-ablation-not-paper-estimator,-10.017925752650061,-18.679347696325006,8.661421943674947,80.47420514530091,74.92981548927825,5.544389656022666,26.868549035519298,26.868549035519298,0.0,0.9375,0.9994081440973017
A,20260627.0,20.0,16.0,4.0,0.6419195571509573,0.6419195571509573,0.0,axis-ablation-not-paper-estimator,-13.029566793959294,-23.065790966902476,10.036224172943182,187.7410549301581,198.92687999379217,-11.185825063634056,24.649986734603758,22.66452709506273,1.9854596395410322,0.9375,0.9992950621490753
A,20260627.0,30.0,4.0,4.0,0.6419195571509573,0.6419195571509573,0.0,axis-ablation-not-paper-estimator,-7.217089483623603,-11.143012389269996,3.925922905646394,89.37609281744207,75.77628907897773,13.599803738464344,23.332334821583828,23.332334821583828,0.0,1.0,1.0
A,20260627.0,30.0,8.0,4.0,0.6419195571509573,0.6419195571509573,0.0,axis-ablation-not-paper-estimator,-10.055149951398011,-19.12164677674074,9.066496825342732,92.94423176482053,89.0124742191925,3.9317575456280345,31.527017901753485,31.527017901753485,0.0,1.0,1.0
A,20260627.0,30.0,16.0,4.0,0.6419195571509573,0.6419195571509573,0.0,axis-ablation-not-paper-estimator,-13.13508246642725,-23.796656182444504,10.661573716017255,204.60835033764175,214.6190637094267,-10.010713371784938,19.648640660343954,21.79769526815768,-2.1490546078137225,0.984375,0.9999494646237925
C,20260626.0,0.0,4.0,4.0,0.6419195571509573,0.6419195571509573,0.0,axis-ablation-not-paper-estimator,-7.90159560992573,-11.383952936913241,3.4823573269875117,626.0949036173045,610.2141581174312,15.880745499873273,38.5501946549343,38.5501946549343,0.0,0.8125,0.9885738959528336
C,20260626.0,0.0,8.0,4.0,0.6419195571509573,0.6419195571509573,0.0,axis-ablation-not-paper-estimator,-7.550896926447695,-9.896192825971717,2.345295899524024,1103.5443807686536,1101.301700771399,2.2426799972544984,33.42161493020353,33.42161493020353,0.0,0.6875,0.9658889553195382
C,20260626.0,0.0,16.0,4.0,0.6419195571509573,0.6419195571509573,0.0,axis-ablation-not-paper-estimator,-5.957815635208336,-7.093108731990318,1.1352930967819825,1712.140799135201,1711.748690950862,0.39210818433878103,39.64363200950855,39.64363200950855,0.0,0.453125,0.9499426559887844
C,20260626.0,10.0,4.0,4.0,0.6419195571509573,0.6419195571509573,0.0,axis-ablation-not-paper-estimator,-8.946312331479696,-12.24163785126569,3.2953255197859948,79.8754836007238,57.57638733755735,22.29909626316644,15.650139740353007,15.650139740353007,0.0,0.875,0.999854941031416
C,20260626.0,10.0,8.0,4.0,0.6419195571509573,0.6419195571509573,0.0,axis-ablation-not-paper-estimator,-11.158098568021511,-16.643446997115745,5.485348429094236,122.26243624882581,105.22579046640145,17.036645782424337,25.5562615521221,23.78906138234962,1.7672001697724786,0.875,0.996500905934055
C,20260626.0,10.0,16.0,4.0,0.6419195571509573,0.6419195571509573,0.0,axis-ablation-not-paper-estimator,-13.399571719403973,-18.354934727522014,4.9553630081180415,215.02734325613545,203.43901033390904,11.588332922226407,35.73838100774509,36.38614549407969,-0.6477644863345997,0.859375,0.9955991533236839
C,20260626.0,20.0,4.0,4.0,0.6419195571509573,0.6419195571509573,0.0,axis-ablation-not-paper-estimator,-9.012567520847535,-12.403080591026448,3.390513070178912,79.99409376744518,59.923880937511925,20.070212829933247,15.650139740353007,15.650139740353007,0.0,0.8125,0.99953317863858
C,20260626.0,20.0,8.0,4.0,0.6419195571509573,0.6419195571509573,0.0,axis-ablation-not-paper-estimator,-11.58186621099146,-18.016841262325645,6.434975051334183,118.9702390206255,102.46096541838011,16.50927360224538,26.393382995207034,24.62618282543456,1.7672001697724786,1.0,1.0
C,20260626.0,20.0,16.0,4.0,0.6419195571509573,0.6419195571509573,0.0,axis-ablation-not-paper-estimator,-14.664283311955778,-22.633606506975536,7.969323195019757,190.45911725908005,174.19941580476623,16.25970145431384,34.515360648304025,34.67179037491362,-0.15642972660959042,0.9375,0.9994760961563843
C,20260626.0,30.0,4.0,4.0,0.6419195571509573,0.6419195571509573,0.0,axis-ablation-not-paper-estimator,-9.031846502077062,-12.430092954905584,3.3982464528285212,87.058731942795,64.334863589469,22.72386835332602,15.650139740353007,15.650139740353007,0.0,0.9375,0.9999823913107574
C,20260626.0,30.0,8.0,4.0,0.6419195571509573,0.6419195571509573,0.0,axis-ablation-not-paper-estimator,-11.596725750916093,-18.099851596732698,6.503125845816605,118.9702390206255,102.46096541838011,16.50927360224538,26.393382995207034,24.62618282543456,1.7672001697724786,1.0,1.0
C,20260626.0,30.0,16.0,4.0,0.6419195571509573,0.6419195571509573,0.0,axis-ablation-not-paper-estimator,-14.80510944739421,-22.643008568165698,7.837899120771489,186.35202717375068,172.84526906463014,13.50675810912054,35.5867634603232,35.583472418179895,0.0032910421433038906,1.0,1.0
C,20260627.0,0.0,4.0,4.0,0.6419195571509573,0.6419195571509573,0.0,axis-ablation-not-paper-estimator,-8.391034109105085,-10.775010305930792,2.3839761968257065,84.41272158865173,69.41807105867119,14.994650529980536,17.428357719184792,17.428357719184792,0.0,0.8125,0.9934387541759828
C,20260627.0,0.0,8.0,4.0,0.6419195571509573,0.6419195571509573,0.0,axis-ablation-not-paper-estimator,-7.394132387341082,-8.804973090093302,1.4108407027522194,1615.7400693935442,1616.0888180663253,-0.348748672780971,31.674155198568677,31.674155198568677,0.0,0.65625,0.9642606854897238
C,20260627.0,0.0,16.0,4.0,0.6419195571509573,0.6419195571509573,0.0,axis-ablation-not-paper-estimator,-5.794291823920422,-6.304308205878989,0.5100163819585677,1711.6972914156127,1711.6188743074822,0.07841710813033842,46.12747705344859,46.21637206471132,-0.08889501126273203,0.453125,0.9448884921264652
C,20260627.0,10.0,4.0,4.0,0.6419195571509573,0.6419195571509573,0.0,axis-ablation-not-paper-estimator,-9.29867239985904,-13.004689372488636,3.7060169726295955,78.35824280432381,52.24974076509554,26.108502039228267,18.619186242821257,18.619186242821257,0.0,1.0,1.0
C,20260627.0,10.0,8.0,4.0,0.6419195571509573,0.6419195571509573,0.0,axis-ablation-not-paper-estimator,-11.822491511186376,-16.89561622984157,5.073124718655192,102.6947752826202,84.51566440772052,18.17911087489969,22.407145838487484,22.407145838487484,0.0,0.90625,0.9991913191215462
C,20260627.0,10.0,16.0,4.0,0.6419195571509573,0.6419195571509573,0.0,axis-ablation-not-paper-estimator,-14.026295976292376,-17.97939680156413,3.9531008252717554,244.53748831224345,235.36687314277,9.170615169473436,42.25011903422269,42.25011903422269,0.0,0.890625,0.9958236646640548
C,20260627.0,20.0,4.0,4.0,0.6419195571509573,0.6419195571509573,0.0,axis-ablation-not-paper-estimator,-9.346858869123157,-13.122626315044279,3.7757674459211223,78.35824280432381,52.24974076509554,26.108502039228267,18.619186242821257,18.619186242821257,0.0,1.0,1.0
C,20260627.0,20.0,8.0,4.0,0.6419195571509573,0.6419195571509573,0.0,axis-ablation-not-paper-estimator,-12.063517772785946,-16.775075814616212,4.711558041830266,106.07630747209788,86.491079147964,19.585228324133872,19.407554382095825,19.407554382095825,0.0,0.96875,0.9999182684432639
C,20260627.0,20.0,16.0,4.0,0.6419195571509573,0.6419195571509573,0.0,axis-ablation-not-paper-estimator,-15.495880718997434,-22.436613702764554,6.940732983767122,176.71749382495182,162.91621045960022,13.801283365351615,39.45197094626531,39.45197094626531,0.0,0.96875,0.9998752969886249
C,20260627.0,30.0,4.0,4.0,0.6419195571509573,0.6419195571509573,0.0,axis-ablation-not-paper-estimator,-9.353888196675655,-13.13874549386425,3.7848572971885934,78.35824280432381,52.24974076509554,26.108502039228267,18.619186242821257,18.619186242821257,0.0,1.0,1.0
C,20260627.0,30.0,8.0,4.0,0.6419195571509573,0.6419195571509573,0.0,axis-ablation-not-paper-estimator,-12.09205104136758,-16.801876529510785,4.709825488143203,106.0657817461499,86.23749414894543,19.828287597204458,19.129694851914955,19.129694851914955,0.0,1.0,1.0
C,20260627.0,30.0,16.0,4.0,0.6419195571509573,0.6419195571509573,0.0,axis-ablation-not-paper-estimator,-15.632022651131136,-23.292452345201248,7.660429694070113,192.88696150352598,180.83112074143617,12.055840762089794,38.90131322988637,38.90131322988637,0.0,0.984375,0.9999889751275556
D,20260626.0,0.0,4.0,4.0,0.6419195571509573,0.6419195571509573,0.0,axis-ablation-not-paper-estimator,-11.549319016419721,-11.679689291172505,0.13037027475278107,1593.7215173083569,1588.6859036584024,5.035613649954485,32.318907373230076,32.318907373230076,0.0,0.5625,0.9899886992310428
D,20260626.0,0.0,8.0,4.0,0.6419195571509573,0.6419195571509573,0.0,axis-ablation-not-paper-estimator,-8.700827851032857,-8.605988078919584,-0.0948397721132741,1696.6023433700411,1698.911615419488,-2.3092720494469745,46.293217125816874,47.615680926002106,-1.3224638001852345,0.28125,0.9835510776317327
D,20260626.0,0.0,16.0,4.0,0.6419195571509573,0.6419195571509573,0.0,axis-ablation-not-paper-estimator,-6.2901256864234725,-6.126976694309752,-0.1631489921137208,1359.3186375105593,1358.954812542922,0.3638249676373846,44.29829157802798,46.10298610746578,-1.8046945294378034,0.203125,0.9826363532641988
D,20260626.0,10.0,4.0,4.0,0.6419195571509573,0.6419195571509573,0.0,axis-ablation-not-paper-estimator,-18.449870047436946,-18.28463605750618,-0.16523398993076555,121.13650131420724,125.41344333937708,-4.276942025169851,17.03595027915744,18.100322912476344,-1.0643726333188974,0.8125,0.9980194650612659
D,20260626.0,10.0,8.0,4.0,0.6419195571509573,0.6419195571509573,0.0,axis-ablation-not-paper-estimator,-19.287659898353684,-18.610474684557033,-0.677185213796653,745.3831040928765,743.6816236976757,1.7014803952008037,34.82085927339464,39.39702176535036,-4.5761624919557224,0.71875,0.9978207543944728
D,20260626.0,10.0,16.0,4.0,0.6419195571509573,0.6419195571509573,0.0,axis-ablation-not-paper-estimator,-16.617701272655424,-16.04461116264183,-0.5730901100135912,757.6624613869321,754.1347890692671,3.5276723176650364,44.50183704692485,45.22042103322695,-0.7185839863021055,0.484375,0.996675982782507
D,20260626.0,20.0,4.0,4.0,0.6419195571509573,0.6419195571509573,0.0,axis-ablation-not-paper-estimator,-19.72522454051691,-19.138223558988777,-0.5870009815281287,49.27837551840278,58.636680728877245,-9.35830521047446,11.465751367257548,11.465751367257548,0.0,0.9375,0.9999892397337622
D,20260626.0,20.0,8.0,4.0,0.6419195571509573,0.6419195571509573,0.0,axis-ablation-not-paper-estimator,-23.981085407534223,-21.853864649939464,-2.127220757594759,230.76662463638075,228.3800992924957,2.3865253438850296,38.39126526936201,39.85376306225858,-1.462497792896575,0.90625,0.9998612866891168
D,20260626.0,20.0,16.0,4.0,0.6419195571509573,0.6419195571509573,0.0,axis-ablation-not-paper-estimator,-25.36996059839566,-23.625958913633532,-1.744001684762127,262.6843972481416,263.04281479718526,-0.3584175490436863,42.246902196901814,37.23586670238701,5.011035494514809,0.765625,0.9994433836047854
D,20260626.0,30.0,4.0,4.0,0.6419195571509573,0.6419195571509573,0.0,axis-ablation-not-paper-estimator,-19.773143286843055,-19.29314836465536,-0.47999492218769646,49.27837551840278,56.59356847909103,-7.315192960688251,11.465751367257548,11.692635656523459,-0.2268842892659122,0.9375,0.9999892397337622
D,20260626.0,30.0,8.0,4.0,0.6419195571509573,0.6419195571509573,0.0,axis-ablation-not-paper-estimator,-24.26189928796598,-22.298185112876048,-1.9637141750899332,274.2764314713044,281.11242816840945,-6.835996697104996,35.271594144075436,37.50245248243158,-2.230858338356146,0.9375,0.9999740775156906
D,20260626.0,30.0,16.0,4.0,0.6419195571509573,0.6419195571509573,0.0,axis-ablation-not-paper-estimator,-28.678486568110145,-26.843371621566288,-1.835114946543853,169.6495671331672,175.71304748751228,-6.063480354345074,29.478934825547974,31.765457183005353,-2.286522357457377,0.953125,0.9999758621473139
D,20260627.0,0.0,4.0,4.0,0.6419195571509573,0.6419195571509573,0.0,axis-ablation-not-paper-estimator,-10.303266983994618,-9.998052690330447,-0.30521429366417285,2234.211656445028,2235.7996388308156,-1.587982385787484,37.803248029628634,37.803248029628634,0.0,0.375,0.9864517128341088
D,20260627.0,0.0,8.0,4.0,0.6419195571509573,0.6419195571509573,0.0,axis-ablation-not-paper-estimator,-7.866281423211315,-7.476555281454276,-0.38972614175703857,2241.737381239829,2242.526873852189,-0.7894926123597656,46.69530721343931,46.69530721343931,0.0,0.25,0.9791329862418962
D,20260627.0,0.0,16.0,4.0,0.6419195571509573,0.6419195571509573,0.0,axis-ablation-not-paper-estimator,-5.8243137313624,-5.487528792124923,-0.3367849392374769,1293.8996836853446,1291.3714576030998,2.528226082244913,45.84735630697145,45.84735630697145,0.0,0.171875,0.9772912518358025
D,20260627.0,10.0,4.0,4.0,0.6419195571509573,0.6419195571509573,0.0,axis-ablation-not-paper-estimator,-17.267894169591777,-16.26472339120484,-1.0031707783869401,399.6867642401769,399.8143245455422,-0.12756030536526808,21.04949227612371,21.04949227612371,0.0,0.625,0.9970220749353479
D,20260627.0,10.0,8.0,4.0,0.6419195571509573,0.6419195571509573,0.0,axis-ablation-not-paper-estimator,-19.080273085340153,-18.686251808870367,-0.39402127646978347,877.4624505118938,883.0901221322645,-5.62767162037062,40.83698387223448,40.83698387223448,0.0,0.78125,0.9972824460128432
D,20260627.0,10.0,16.0,4.0,0.6419195571509573,0.6419195571509573,0.0,axis-ablation-not-paper-estimator,-16.994359933931197,-16.41674274348919,-0.577617190442004,668.9357194044889,677.6455093689683,-8.70978996447954,46.49233944682922,46.49233944682922,0.0,0.515625,0.9961054105624448
D,20260627.0,20.0,4.0,4.0,0.6419195571509573,0.6419195571509573,0.0,axis-ablation-not-paper-estimator,-18.650987880516553,-17.862170281267638,-0.788817599248917,157.50538837638783,167.56476064481433,-10.059372268426491,20.418954158076954,20.418954158076954,0.0,0.875,0.9998558481589056
D,20260627.0,20.0,8.0,4.0,0.6419195571509573,0.6419195571509573,0.0,axis-ablation-not-paper-estimator,-22.96108891652206,-21.242036095118507,-1.7190528214035483,282.1331916220056,301.7595299609771,-19.626338338971422,40.174291642610186,40.174291642610186,0.0,0.96875,0.9999751217222224
D,20260627.0,20.0,16.0,4.0,0.6419195571509573,0.6419195571509573,0.0,axis-ablation-not-paper-estimator,-25.75024998662808,-24.08573516808177,-1.6645148185463103,154.82181970607155,164.61792872998575,-9.79610902391418,40.14321309526102,42.60088942649755,-2.4576763312365335,0.84375,0.9996379447859041
D,20260627.0,30.0,4.0,4.0,0.6419195571509573,0.6419195571509573,0.0,axis-ablation-not-paper-estimator,-18.743960718312916,-17.713370607616937,-1.0305901106959814,174.74831559098348,187.6488735135174,-12.900557922533924,16.452734369822853,15.251284548365977,1.2014498214568747,1.0,1.0
D,20260627.0,30.0,8.0,4.0,0.6419195571509573,0.6419195571509573,0.0,axis-ablation-not-paper-estimator,-23.19430233309977,-21.182537139971156,-2.011765193128616,251.14937037400588,270.62026639550976,-19.470896021503833,37.71025174295271,37.71025174295271,0.0,0.96875,0.9999930511805253
D,20260627.0,30.0,16.0,4.0,0.6419195571509573,0.6419195571509573,0.0,axis-ablation-not-paper-estimator,-28.34778872773473,-26.427148133773926,-1.9206405939608082,168.1061855230723,170.4097947976605,-2.3036092745882257,29.967632603442873,26.93079672474134,3.0368358787015337,0.96875,0.9999880905761269
