domain,scene,W,F,nmse_fxp_db,nmse_float_kernel_db,nmse_ls_db,delta_vs_float_db
local3d,1,6,4,0.000000,-12.513569,-12.515793,12.513569
local3d,1,8,6,0.000000,-12.513569,-12.515793,12.513569
local3d,1,10,8,-4.392383,-12.513569,-12.515793,8.121186
local3d,1,12,10,-11.583742,-12.513569,-12.515793,0.929827
local3d,1,14,12,-12.409720,-12.513569,-12.515793,0.103849
local3d,1,16,14,-12.511896,-12.513569,-12.515793,0.001673
local3d,1,18,16,-12.516177,-12.513569,-12.515793,-0.002608
local3d,2,6,4,0.000000,-14.195861,-14.195861,14.195861
local3d,2,8,6,0.000000,-14.195861,-14.195861,14.195861
local3d,2,10,8,-6.096999,-14.195861,-14.195861,8.098862
local3d,2,12,10,-13.128500,-14.195861,-14.195861,1.067361
local3d,2,14,12,-14.064261,-14.195861,-14.195861,0.131600
local3d,2,16,14,-14.190147,-14.195861,-14.195861,0.005714
local3d,2,18,16,-14.196292,-14.195861,-14.195861,-0.000431
local3d,3,6,4,0.000000,-13.017137,-13.724810,13.017137
local3d,3,8,6,0.000000,-13.017137,-13.724810,13.017137
local3d,3,10,8,-4.149723,-13.017137,-13.724810,8.867414
local3d,3,12,10,-11.051236,-13.017137,-13.724810,1.965902
local3d,3,14,12,-12.759354,-13.017137,-13.724810,0.257783
local3d,3,16,14,-13.006958,-13.017137,-13.724810,0.010180
local3d,3,18,16,-13.019904,-13.017137,-13.724810,-0.002767
local3d,4,6,4,0.000000,-10.074888,-10.864357,10.074888
local3d,4,8,6,0.000000,-10.074888,-10.864357,10.074888
local3d,4,10,8,-3.163208,-10.074888,-10.864357,6.911679
local3d,4,12,10,-9.526743,-10.074888,-10.864357,0.548145
local3d,4,14,12,-9.992223,-10.074888,-10.864357,0.082665
local3d,4,16,14,-10.079709,-10.074888,-10.864357,-0.004821
local3d,4,18,16,-10.071128,-10.074888,-10.864357,0.003760
local3d,5,6,4,0.000000,-12.859512,-12.859508,12.859512
local3d,5,8,6,0.000000,-12.859512,-12.859508,12.859512
local3d,5,10,8,0.000000,-12.859512,-12.859508,12.859512
local3d,5,12,10,-6.570200,-12.859512,-12.859508,6.289312
local3d,5,14,12,-12.047482,-12.859512,-12.859508,0.812030
local3d,5,16,14,-12.802675,-12.859512,-12.859508,0.056837
local3d,5,18,16,-12.852928,-12.859512,-12.859508,0.006584
local3d,6,6,4,0.000000,-8.923806,-9.101364,8.923806
local3d,6,8,6,0.000000,-8.923806,-9.101364,8.923806
local3d,6,10,8,-3.496209,-8.923806,-9.101364,5.427597
local3d,6,12,10,-8.171840,-8.923806,-9.101364,0.751965
local3d,6,14,12,-8.875739,-8.923806,-9.101364,0.048067
local3d,6,16,14,-8.916623,-8.923806,-9.101364,0.007183
local3d,6,18,16,-8.923065,-8.923806,-9.101364,0.000741
local3d,7,6,4,0.000000,-14.033833,-14.260301,14.033833
local3d,7,8,6,0.000000,-14.033833,-14.260301,14.033833
local3d,7,10,8,-4.985478,-14.033833,-14.260301,9.048355
local3d,7,12,10,-11.416995,-14.033833,-14.260301,2.616838
local3d,7,14,12,-13.896779,-14.033833,-14.260301,0.137054
local3d,7,16,14,-14.017689,-14.033833,-14.260301,0.016144
local3d,7,18,16,-14.022517,-14.033833,-14.260301,0.011317
local3d,8,6,4,0.000000,-11.800727,-13.599359,11.800727
local3d,8,8,6,0.000000,-11.800727,-13.599359,11.800727
local3d,8,10,8,-6.088101,-11.800727,-13.599359,5.712625
local3d,8,12,10,-10.936316,-11.800727,-13.599359,0.864411
local3d,8,14,12,-11.830449,-11.800727,-13.599359,-0.029722
local3d,8,16,14,-11.815048,-11.800727,-13.599359,-0.014321
local3d,8,18,16,-11.824662,-11.800727,-13.599359,-0.023935
local3d,9,6,4,0.000000,-8.519060,-8.812529,8.519060
local3d,9,8,6,0.000000,-8.519060,-8.812529,8.519060
local3d,9,10,8,-3.087684,-8.519060,-8.812529,5.431375
local3d,9,12,10,-7.923782,-8.519060,-8.812529,0.595278
local3d,9,14,12,-8.424654,-8.519060,-8.812529,0.094405
local3d,9,16,14,-8.499407,-8.519060,-8.812529,0.019653
local3d,9,18,16,-8.519154,-8.519060,-8.812529,-0.000094
local3d,10,6,4,0.000000,-14.425040,-14.425044,14.425040
local3d,10,8,6,0.000000,-14.425040,-14.425044,14.425040
local3d,10,10,8,-1.428896,-14.425040,-14.425044,12.996144
local3d,10,12,10,-12.277003,-14.425040,-14.425044,2.148037
local3d,10,14,12,-14.130879,-14.425040,-14.425044,0.294161
local3d,10,16,14,-14.418496,-14.425040,-14.425044,0.006544
local3d,10,18,16,-14.440252,-14.425040,-14.425044,-0.015212
local3d,11,6,4,0.000000,-15.768188,-15.768185,15.768188
local3d,11,8,6,0.000000,-15.768188,-15.768185,15.768188
local3d,11,10,8,-4.696837,-15.768188,-15.768185,11.071351
local3d,11,12,10,-12.418679,-15.768188,-15.768185,3.349509
local3d,11,14,12,-15.538662,-15.768188,-15.768185,0.229526
local3d,11,16,14,-15.743750,-15.768188,-15.768185,0.024438
local3d,11,18,16,-15.759538,-15.768188,-15.768185,0.008650
local3d,12,6,4,0.000000,-14.154571,-14.425381,14.154571
local3d,12,8,6,0.000000,-14.154571,-14.425381,14.154571
local3d,12,10,8,-5.087060,-14.154571,-14.425381,9.067511
local3d,12,12,10,-11.411076,-14.154571,-14.425381,2.743495
local3d,12,14,12,-13.847938,-14.154571,-14.425381,0.306633
local3d,12,16,14,-14.149356,-14.154571,-14.425381,0.005215
local3d,12,18,16,-14.167190,-14.154571,-14.425381,-0.012619
local3d,13,6,4,0.000000,-11.174938,-12.089497,11.174938
local3d,13,8,6,0.000000,-11.174938,-12.089497,11.174938
local3d,13,10,8,-5.607942,-11.174938,-12.089497,5.566995
local3d,13,12,10,-10.592269,-11.174938,-12.089497,0.582668
local3d,13,14,12,-11.108691,-11.174938,-12.089497,0.066247
local3d,13,16,14,-11.174607,-11.174938,-12.089497,0.000331
local3d,13,18,16,-11.162448,-11.174938,-12.089497,0.012489
local3d,14,6,4,0.000000,-12.173305,-12.460774,12.173305
local3d,14,8,6,0.000000,-12.173305,-12.460774,12.173305
local3d,14,10,8,-4.275618,-12.173305,-12.460774,7.897687
local3d,14,12,10,-11.084985,-12.173305,-12.460774,1.088320
local3d,14,14,12,-12.075859,-12.173305,-12.460774,0.097446
local3d,14,16,14,-12.167406,-12.173305,-12.460774,0.005900
local3d,14,18,16,-12.179464,-12.173305,-12.460774,-0.006159
local3d,15,6,4,0.000000,-15.028652,-15.029813,15.028652
local3d,15,8,6,0.000000,-15.028652,-15.029813,15.028652
local3d,15,10,8,-2.412681,-15.028652,-15.029813,12.615972
local3d,15,12,10,-11.939789,-15.028652,-15.029813,3.088863
local3d,15,14,12,-14.794196,-15.028652,-15.029813,0.234457
local3d,15,16,14,-15.000840,-15.028652,-15.029813,0.027812
local3d,15,18,16,-15.027294,-15.028652,-15.029813,0.001358
local3d,16,6,4,0.000000,-11.583656,-12.174222,11.583656
local3d,16,8,6,0.000000,-11.583656,-12.174222,11.583656
local3d,16,10,8,-5.493646,-11.583656,-12.174222,6.090010
local3d,16,12,10,-10.260704,-11.583656,-12.174222,1.322952
local3d,16,14,12,-11.582697,-11.583656,-12.174222,0.000959
local3d,16,16,14,-11.575512,-11.583656,-12.174222,0.008144
local3d,16,18,16,-11.593743,-11.583656,-12.174222,-0.010087
local3d,17,6,4,0.000000,-13.550279,-13.550588,13.550279
local3d,17,8,6,0.000000,-13.550279,-13.550588,13.550279
local3d,17,10,8,-3.200381,-13.550279,-13.550588,10.349898
local3d,17,12,10,-10.869991,-13.550279,-13.550588,2.680288
local3d,17,14,12,-13.385829,-13.550279,-13.550588,0.164450
local3d,17,16,14,-13.525554,-13.550279,-13.550588,0.024725
local3d,17,18,16,-13.541064,-13.550279,-13.550588,0.009214
local3d,18,6,4,0.000000,-13.602245,-14.685342,13.602245
local3d,18,8,6,0.000000,-13.602245,-14.685342,13.602245
local3d,18,10,8,-3.895963,-13.602245,-14.685342,9.706283
local3d,18,12,10,-11.411184,-13.602245,-14.685342,2.191062
local3d,18,14,12,-13.641195,-13.602245,-14.685342,-0.038950
local3d,18,16,14,-13.597701,-13.602245,-14.685342,0.004545
local3d,18,18,16,-13.602303,-13.602245,-14.685342,-0.000058
local3d,19,6,4,0.000000,-12.964265,-13.015859,12.964265
local3d,19,8,6,0.000000,-12.964265,-13.015859,12.964265
local3d,19,10,8,-7.853573,-12.964265,-13.015859,5.110692
local3d,19,12,10,-12.656060,-12.964265,-13.015859,0.308206
local3d,19,14,12,-12.931320,-12.964265,-13.015859,0.032946
local3d,19,16,14,-12.957927,-12.964265,-13.015859,0.006338
local3d,19,18,16,-12.961925,-12.964265,-13.015859,0.002340
local3d,20,6,4,0.000000,-9.170701,-10.103954,9.170701
local3d,20,8,6,0.000000,-9.170701,-10.103954,9.170701
local3d,20,10,8,-3.529265,-9.170701,-10.103954,5.641436
local3d,20,12,10,-8.571572,-9.170701,-10.103954,0.599129
local3d,20,14,12,-9.102633,-9.170701,-10.103954,0.068068
local3d,20,16,14,-9.171697,-9.170701,-10.103954,-0.000996
local3d,20,18,16,-9.167970,-9.170701,-10.103954,0.002731
cdl2d,1,6,4,-4.208585,-9.146690,-9.547982,4.938105
cdl2d,1,8,6,-8.640801,-9.146690,-9.547982,0.505889
cdl2d,1,10,8,-8.980643,-9.146690,-9.547982,0.166047
cdl2d,1,12,10,-9.145536,-9.146690,-9.547982,0.001154
cdl2d,1,14,12,-9.147874,-9.146690,-9.547982,-0.001184
cdl2d,1,16,14,-9.147335,-9.146690,-9.547982,-0.000645
cdl2d,1,18,16,-9.146058,-9.146690,-9.547982,0.000632
cdl2d,2,6,4,-6.421152,-14.972499,-15.075059,8.551347
cdl2d,2,8,6,-13.423165,-14.972499,-15.075059,1.549333
cdl2d,2,10,8,-14.890442,-14.972499,-15.075059,0.082057
cdl2d,2,12,10,-14.976869,-14.972499,-15.075059,-0.004370
cdl2d,2,14,12,-14.954882,-14.972499,-15.075059,0.017617
cdl2d,2,16,14,-14.959765,-14.972499,-15.075059,0.012734
cdl2d,2,18,16,-14.961025,-14.972499,-15.075059,0.011473
cdl2d,3,6,4,-7.082896,-12.617691,-13.165366,5.534795
cdl2d,3,8,6,-11.296347,-12.617691,-13.165366,1.321344
cdl2d,3,10,8,-12.454386,-12.617691,-13.165366,0.163306
cdl2d,3,12,10,-12.588582,-12.617691,-13.165366,0.029109
cdl2d,3,14,12,-12.614915,-12.617691,-13.165366,0.002776
cdl2d,3,16,14,-12.614040,-12.617691,-13.165366,0.003651
cdl2d,3,18,16,-12.613028,-12.617691,-13.165366,0.004663
cdl2d,4,6,4,-5.591417,-12.382214,-12.824654,6.790797
cdl2d,4,8,6,-11.438059,-12.382214,-12.824654,0.944155
cdl2d,4,10,8,-12.346742,-12.382214,-12.824654,0.035472
cdl2d,4,12,10,-12.337359,-12.382214,-12.824654,0.044855
cdl2d,4,14,12,-12.388412,-12.382214,-12.824654,-0.006198
cdl2d,4,16,14,-12.385203,-12.382214,-12.824654,-0.002989
cdl2d,4,18,16,-12.386975,-12.382214,-12.824654,-0.004761
cdl2d,5,6,4,-4.114578,-15.576181,-15.580695,11.461603
cdl2d,5,8,6,-13.013177,-15.576181,-15.580695,2.563004
cdl2d,5,10,8,-15.423798,-15.576181,-15.580695,0.152384
cdl2d,5,12,10,-15.536570,-15.576181,-15.580695,0.039612
cdl2d,5,14,12,-15.551713,-15.576181,-15.580695,0.024468
cdl2d,5,16,14,-15.555765,-15.576181,-15.580695,0.020416
cdl2d,5,18,16,-15.554978,-15.576181,-15.580695,0.021203
cdl2d,6,6,4,-5.521803,-7.414181,-7.802283,1.892378
cdl2d,6,8,6,-7.268681,-7.414181,-7.802283,0.145499
cdl2d,6,10,8,-7.445187,-7.414181,-7.802283,-0.031006
cdl2d,6,12,10,-7.420760,-7.414181,-7.802283,-0.006580
cdl2d,6,14,12,-7.420812,-7.414181,-7.802283,-0.006632
cdl2d,6,16,14,-7.416803,-7.414181,-7.802283,-0.002622
cdl2d,6,18,16,-7.417174,-7.414181,-7.802283,-0.002993
cdl2d,7,6,4,-4.401677,-13.546342,-13.591810,9.144665
cdl2d,7,8,6,-12.288023,-13.546342,-13.591810,1.258320
cdl2d,7,10,8,-13.474603,-13.546342,-13.591810,0.071740
cdl2d,7,12,10,-13.537541,-13.546342,-13.591810,0.008801
cdl2d,7,14,12,-13.536134,-13.546342,-13.591810,0.010208
cdl2d,7,16,14,-13.536466,-13.546342,-13.591810,0.009877
cdl2d,7,18,16,-13.534942,-13.546342,-13.591810,0.011400
cdl2d,8,6,4,-4.460698,-12.640249,-12.663260,8.179551
cdl2d,8,8,6,-10.892731,-12.640249,-12.663260,1.747518
cdl2d,8,10,8,-12.469071,-12.640249,-12.663260,0.171179
cdl2d,8,12,10,-12.623548,-12.640249,-12.663260,0.016702
cdl2d,8,14,12,-12.642446,-12.640249,-12.663260,-0.002197
cdl2d,8,16,14,-12.643812,-12.640249,-12.663260,-0.003562
cdl2d,8,18,16,-12.644576,-12.640249,-12.663260,-0.004327
cdl2d,9,6,4,-6.805680,-16.193216,-16.252190,9.387536
cdl2d,9,8,6,-15.476908,-16.193216,-16.252190,0.716308
cdl2d,9,10,8,-16.146200,-16.193216,-16.252190,0.047016
cdl2d,9,12,10,-16.235295,-16.193216,-16.252190,-0.042079
cdl2d,9,14,12,-16.253255,-16.193216,-16.252190,-0.060039
cdl2d,9,16,14,-16.248873,-16.193216,-16.252190,-0.055658
cdl2d,9,18,16,-16.249499,-16.193216,-16.252190,-0.056283
cdl2d,10,6,4,-4.999069,-16.152163,-16.420246,11.153094
cdl2d,10,8,6,-13.253591,-16.152163,-16.420246,2.898572
cdl2d,10,10,8,-15.581489,-16.152163,-16.420246,0.570674
cdl2d,10,12,10,-16.208927,-16.152163,-16.420246,-0.056764
cdl2d,10,14,12,-16.185189,-16.152163,-16.420246,-0.033026
cdl2d,10,16,14,-16.191232,-16.152163,-16.420246,-0.039069
cdl2d,10,18,16,-16.193508,-16.152163,-16.420246,-0.041345
cdl2d,11,6,4,-4.800528,-12.192995,-12.679485,7.392467
cdl2d,11,8,6,-10.738363,-12.192995,-12.679485,1.454632
cdl2d,11,10,8,-12.136483,-12.192995,-12.679485,0.056512
cdl2d,11,12,10,-12.210667,-12.192995,-12.679485,-0.017672
cdl2d,11,14,12,-12.174137,-12.192995,-12.679485,0.018857
cdl2d,11,16,14,-12.180824,-12.192995,-12.679485,0.012171
cdl2d,11,18,16,-12.182248,-12.192995,-12.679485,0.010747
cdl2d,12,6,4,-6.538756,-14.432493,-14.786219,7.893737
cdl2d,12,8,6,-12.412307,-14.432493,-14.786219,2.020186
cdl2d,12,10,8,-14.056783,-14.432493,-14.786219,0.375710
cdl2d,12,12,10,-14.385467,-14.432493,-14.786219,0.047027
cdl2d,12,14,12,-14.435686,-14.432493,-14.786219,-0.003193
cdl2d,12,16,14,-14.431723,-14.432493,-14.786219,0.000770
cdl2d,12,18,16,-14.433001,-14.432493,-14.786219,-0.000508
cdl2d,13,6,4,-7.633778,-11.525816,-12.795592,3.892038
cdl2d,13,8,6,-11.074213,-11.525816,-12.795592,0.451603
cdl2d,13,10,8,-11.497193,-11.525816,-12.795592,0.028623
cdl2d,13,12,10,-11.532171,-11.525816,-12.795592,-0.006355
cdl2d,13,14,12,-11.530100,-11.525816,-12.795592,-0.004284
cdl2d,13,16,14,-11.529468,-11.525816,-12.795592,-0.003652
cdl2d,13,18,16,-11.529952,-11.525816,-12.795592,-0.004136
cdl2d,14,6,4,-4.367393,-14.997891,-14.998847,10.630498
cdl2d,14,8,6,-12.966850,-14.997891,-14.998847,2.031041
cdl2d,14,10,8,-14.871334,-14.997891,-14.998847,0.126557
cdl2d,14,12,10,-15.036998,-14.997891,-14.998847,-0.039107
cdl2d,14,14,12,-15.033345,-14.997891,-14.998847,-0.035453
cdl2d,14,16,14,-15.033821,-14.997891,-14.998847,-0.035930
cdl2d,14,18,16,-15.032190,-14.997891,-14.998847,-0.034298
cdl2d,15,6,4,-2.767089,-15.471035,-17.242383,12.703946
cdl2d,15,8,6,-11.301138,-15.471035,-17.242383,4.169897
cdl2d,15,10,8,-15.261517,-15.471035,-17.242383,0.209518
cdl2d,15,12,10,-15.477183,-15.471035,-17.242383,-0.006148
cdl2d,15,14,12,-15.495657,-15.471035,-17.242383,-0.024622
cdl2d,15,16,14,-15.483594,-15.471035,-17.242383,-0.012558
cdl2d,15,18,16,-15.484602,-15.471035,-17.242383,-0.013567
cdl2d,16,6,4,-6.562500,-14.501341,-14.514037,7.938841
cdl2d,16,8,6,-13.167181,-14.501341,-14.514037,1.334160
cdl2d,16,10,8,-14.406036,-14.501341,-14.514037,0.095305
cdl2d,16,12,10,-14.514985,-14.501341,-14.514037,-0.013644
cdl2d,16,14,12,-14.522238,-14.501341,-14.514037,-0.020897
cdl2d,16,16,14,-14.520939,-14.501341,-14.514037,-0.019598
cdl2d,16,18,16,-14.521426,-14.501341,-14.514037,-0.020085
cdl2d,17,6,4,-3.766925,-13.947312,-14.705201,10.180387
cdl2d,17,8,6,-12.485409,-13.947312,-14.705201,1.461903
cdl2d,17,10,8,-13.701547,-13.947312,-14.705201,0.245765
cdl2d,17,12,10,-13.936520,-13.947312,-14.705201,0.010792
cdl2d,17,14,12,-13.985045,-13.947312,-14.705201,-0.037732
cdl2d,17,16,14,-13.982533,-13.947312,-14.705201,-0.035221
cdl2d,17,18,16,-13.983340,-13.947312,-14.705201,-0.036028
cdl2d,18,6,4,-3.060141,-14.356830,-14.356830,11.296689
cdl2d,18,8,6,-11.141187,-14.356830,-14.356830,3.215642
cdl2d,18,10,8,-14.189673,-14.356830,-14.356830,0.167156
cdl2d,18,12,10,-14.343675,-14.356830,-14.356830,0.013155
cdl2d,18,14,12,-14.351441,-14.356830,-14.356830,0.005389
cdl2d,18,16,14,-14.351206,-14.356830,-14.356830,0.005624
cdl2d,18,18,16,-14.352169,-14.356830,-14.356830,0.004661
cdl2d,19,6,4,-7.117441,-12.198767,-12.436262,5.081325
cdl2d,19,8,6,-11.492448,-12.198767,-12.436262,0.706318
cdl2d,19,10,8,-12.169747,-12.198767,-12.436262,0.029019
cdl2d,19,12,10,-12.197888,-12.198767,-12.436262,0.000878
cdl2d,19,14,12,-12.199264,-12.198767,-12.436262,-0.000498
cdl2d,19,16,14,-12.202993,-12.198767,-12.436262,-0.004226
cdl2d,19,18,16,-12.202253,-12.198767,-12.436262,-0.003486
cdl2d,20,6,4,-5.071027,-10.941826,-11.452898,5.870799
cdl2d,20,8,6,-10.259528,-10.941826,-11.452898,0.682298
cdl2d,20,10,8,-10.955754,-10.941826,-11.452898,-0.013928
cdl2d,20,12,10,-10.938373,-10.941826,-11.452898,0.003453
cdl2d,20,14,12,-10.941455,-10.941826,-11.452898,0.000371
cdl2d,20,16,14,-10.933427,-10.941826,-11.452898,0.008399
cdl2d,20,18,16,-10.934150,-10.941826,-11.452898,0.007676
