profile,seed,snr_db,l_value,n_samples,mean_channel_nmse_db,mean_support_recall,mean_dominant_energy_recall,mean_topk_energy_efficiency,mean_clean_topk_energy_fraction,mean_effective_support_95,mean_effective_support_99,mean_delay_support_recall,mean_angle_support_recall,mean_delay_bin_rmse,mean_angle_bin_rmse,mean_physical_delay_rmse_ns,mean_projected_broadside_angle_rmse_deg,mean_matched_physical_paths,mean_clean_grid_physical_delay_rmse_ns,mean_clean_grid_projected_broadside_angle_rmse_deg,mean_physical_delay_rmse_gap_vs_clean_grid_ns,mean_projected_angle_rmse_gap_vs_clean_grid_deg
A,20260626.0,0.0,4.0,50.0,-5.4858512125660175,0.92,0.7055646552749504,0.9967945393451489,0.7077859723531088,37.66,170.82,0.95,0.925,0.11146264369941973,0.19217332181807445,45.304081791880186,23.201183139531945,4.0,44.346637117211095,22.750938503053398,0.9574446746691007,0.45024463647854646
A,20260626.0,0.0,8.0,50.0,-7.789434453048043,0.94,0.8282343166562045,0.9974703726683729,0.8303078326590319,37.66,170.82,0.9475,0.9625,0.22295973102510952,0.14169844732154707,71.11933609581803,37.18415124543119,8.0,69.98617422385036,37.008980821593745,1.1331618719676653,0.17517042383743536
A,20260626.0,0.0,16.0,50.0,-9.46165880998541,0.8625,0.8906614280168044,0.9937557015706758,0.8962167625645117,37.66,170.82,0.89125,0.89625,1.7318224792565464,0.6483304820953709,241.30486445136924,29.955022956954707,16.0,173.75394278821463,28.845303729620518,67.55092166315464,1.1097192273341883
A,20260626.0,10.0,4.0,50.0,-5.5489441204226,0.985,0.7077152486705833,0.999891634025819,0.7077859723531088,37.66,170.82,0.995,0.985,0.01414213562373095,0.034142135623730946,44.71551087963072,22.677883420245497,4.0,44.346637117211095,22.750938503053398,0.3688737624196239,-0.07305508280789944
A,20260626.0,10.0,8.0,50.0,-7.936567832825918,0.98,0.8301857124276656,0.9998541045471915,0.8303078326590319,37.66,170.82,0.9825,0.9825,0.07962480225445503,0.05535533905932738,70.48231192392777,37.03628790495493,8.0,69.98617422385036,37.008980821593745,0.49613770007740454,0.027307083361186882
A,20260626.0,10.0,16.0,50.0,-10.084384081065796,0.96125,0.8958151483879447,0.9995449224240054,0.8962167625645117,37.66,170.82,0.96625,0.9675,0.22148688629071026,0.2301263328492453,175.33835204154616,29.035517509508573,16.0,173.75394278821463,28.845303729620518,1.584409253331502,0.1902137798880527
A,20260626.0,20.0,4.0,50.0,-5.552169151040834,0.99,0.7077606981371269,0.9999600040405483,0.7077859723531088,37.66,170.82,0.99,0.99,0.02,0.02,44.14060224693788,22.748628293268993,4.0,44.346637117211095,22.750938503053398,-0.2060348702732054,-0.0023102097844064674
A,20260626.0,20.0,8.0,50.0,-7.949673391262346,0.995,0.8302912668293371,0.9999794643948363,0.8303078326590319,37.66,170.82,0.995,0.995,0.01414213562373095,0.01414213562373095,70.12853040823653,37.013173590308995,8.0,69.98617422385036,37.008980821593745,0.14235618438617223,0.0041927687152451655
A,20260626.0,20.0,16.0,50.0,-10.131513285012067,0.98875,0.8961727394400134,0.9999521586500886,0.8962167625645117,37.66,170.82,0.9925,0.98875,0.045731321849709856,0.08352764923708328,174.69575893283655,29.563938622922233,16.0,173.75394278821463,28.845303729620518,0.9418161446219173,0.7186348933017146
A,20260626.0,30.0,4.0,50.0,-5.552570004007071,0.995,0.7077665826596595,0.9999708144991959,0.7077859723531088,37.66,170.82,1.0,0.995,0.0,0.01,44.346637117211095,22.750883499847934,4.0,44.346637117211095,22.750938503053398,0.0,-5.5003205468793226e-05
A,20260626.0,30.0,8.0,50.0,-7.951073343130169,1.0,0.830307832659032,1.0,0.8303078326590319,37.66,170.82,1.0,1.0,0.0,0.0,69.98617422385036,37.008980821593745,8.0,69.98617422385036,37.008980821593745,0.0,0.0
A,20260626.0,30.0,16.0,50.0,-10.13744945309377,0.99375,0.8962109150538684,0.9999933764782402,0.8962167625645117,37.66,170.82,0.99375,0.995,0.03825140769936442,0.026213203435596428,174.44896206926984,28.920048578214356,16.0,173.75394278821463,28.845303729620518,0.695019281055203,0.07474484859383537
A,20260627.0,0.0,4.0,50.0,-5.397325363645771,0.945,0.7064494676596351,0.9975620195973482,0.7081362078360519,36.84,169.54,0.96,0.945,0.08,0.1223606797749979,44.325649479545966,22.21677390627479,4.0,43.028812384319416,22.410078333245522,1.296837095226555,-0.19330442697073622
A,20260627.0,0.0,8.0,50.0,-7.668567215910247,0.9525,0.8271000341202166,0.9982454733799997,0.828553570678287,36.84,169.54,0.9575,0.96,0.16434513391499095,0.1574065481849753,73.4166785293248,37.52289290248797,8.0,71.92554413218718,37.61974293773108,1.4911343971376134,-0.09685003524311775
A,20260627.0,0.0,16.0,50.0,-9.431642233084938,0.8675,0.8911769271415468,0.9933460155412567,0.8971480513294628,36.84,169.54,0.9,0.90125,0.7961092965081673,0.6334931752446312,193.84520595346908,28.715532491641774,16.0,179.06796925092175,29.113124717037504,14.77723670254737,-0.3975922253957285
A,20260627.0,10.0,4.0,50.0,-5.451108522014429,0.98,0.708013246268363,0.9998095562449452,0.7081362078360519,36.84,169.54,0.985,0.98,0.034142135623730946,0.04,42.59974815109756,22.48002428686184,4.0,43.028812384319416,22.410078333245522,-0.4290642332218516,0.06994595361631788
A,20260627.0,10.0,8.0,50.0,-7.797386787870117,0.9775,0.8283475919411855,0.9997577119681109,0.828553570678287,36.84,169.54,0.9825,0.98,0.06702459173643832,0.06985023648715917,72.85856837720685,37.536743209656855,8.0,71.92554413218718,37.61974293773108,0.9330242450196661,-0.08299972807422983
A,20260627.0,10.0,16.0,50.0,-10.010155170198624,0.9525,0.8966386521927697,0.9994292994397159,0.8971480513294628,36.84,169.54,0.955,0.9625,0.29022477062330587,0.254704335778264,180.63306231200895,29.208859112074865,16.0,179.06796925092175,29.113124717037504,1.565093061087174,0.09573439503735834
A,20260627.0,20.0,4.0,50.0,-5.455647630869302,1.0,0.7081362078360516,1.0,0.7081362078360519,36.84,169.54,1.0,1.0,0.0,0.0,43.028812384319416,22.410078333245522,4.0,43.028812384319416,22.410078333245522,0.0,0.0
A,20260627.0,20.0,8.0,50.0,-7.813453079692324,0.995,0.8285382830237847,0.9999811300870288,0.828553570678287,36.84,169.54,0.995,0.995,0.02,0.022247448713915888,71.82388433450873,37.61883709525578,8.0,71.92554413218718,37.61974293773108,-0.10165979767845044,-0.0009058424753040129
A,20260627.0,20.0,16.0,50.0,-10.061560405261618,0.98,0.8970685425510636,0.9999115538070654,0.8971480513294628,36.84,169.54,0.9825,0.98,0.11662003681934524,0.13447530570060284,181.06955039937094,28.764627025462378,16.0,179.06796925092175,29.113124717037504,2.001581148449166,-0.3484976915751244
A,20260627.0,30.0,4.0,50.0,-5.455946767210646,1.0,0.7081362078360516,1.0,0.7081362078360519,36.84,169.54,1.0,1.0,0.0,0.0,43.028812384319416,22.410078333245522,4.0,43.028812384319416,22.410078333245522,0.0,0.0
A,20260627.0,30.0,8.0,50.0,-7.8147583098302285,1.0,0.828553570678287,1.0,0.828553570678287,36.84,169.54,1.0,1.0,0.0,0.0,71.92554413218718,37.61974293773108,8.0,71.92554413218718,37.61974293773108,0.0,0.0
A,20260627.0,30.0,16.0,50.0,-10.068020676104577,0.9925,0.8971412182186498,0.9999924424294631,0.8971480513294628,36.84,169.54,0.99375,0.9925,0.03573132184970986,0.07090956063421093,178.89625990697522,29.31658422283083,16.0,179.06796925092175,29.113124717037504,-0.17170934394653842,0.2034595057933214
A,20260628.0,0.0,4.0,50.0,-5.2730047655044805,0.955,0.6932418376973635,0.9988517085095913,0.6939948098919249,40.46,184.4,0.965,0.97,0.07,0.08382332347441762,44.07789750953866,22.94300911032237,4.0,44.44138944523477,22.54790944813117,-0.3634919356961057,0.3950996621912026
A,20260628.0,0.0,8.0,50.0,-7.40702945101585,0.9425,0.8154205515002841,0.9979693962767459,0.8171426983712035,40.46,184.4,0.955,0.95,0.18545501581030982,0.19682835214817032,67.38744989091653,38.184554287316075,8.0,67.20192980655273,38.409493744144974,0.1855200843638177,-0.2249394568288956
A,20260628.0,0.0,16.0,50.0,-9.11852678243371,0.86875,0.8814884784395244,0.993237816894212,0.8874780465928416,40.46,184.4,0.89875,0.8975,1.3120109949524126,0.6519422295742924,221.5421439894594,27.473750327785584,16.0,180.9957725785666,27.866203508438716,40.54637141089277,-0.39245318065313567
A,20260628.0,10.0,4.0,50.0,-5.304956959549347,0.985,0.693897763612628,0.9998340718615425,0.6939948098919249,40.46,184.4,0.99,0.99,0.02,0.02,44.43048777744914,22.606037859551943,4.0,44.44138944523477,22.54790944813117,-0.010901667785640256,0.05812841142076955
A,20260628.0,10.0,8.0,50.0,-7.540086449680078,0.985,0.8169853034524412,0.9997973363249362,0.8171426983712035,40.46,184.4,0.9875,0.985,0.0382842712474619,0.05535533905932739,66.93794623573132,38.39543215390273,8.0,67.20192980655273,38.409493744144974,-0.26398357082140367,-0.014061590242243795
A,20260628.0,10.0,16.0,50.0,-9.671833961515535,0.96625,0.8871460855994822,0.9996192485698044,0.8874780465928416,40.46,184.4,0.97,0.96875,0.16913849083443588,0.19741961116831186,180.87293997663954,27.629639484589543,16.0,180.9957725785666,27.866203508438716,-0.12283260192710742,-0.2365640238491688
A,20260628.0,20.0,4.0,50.0,-5.3085329698290025,0.995,0.6939874175919258,0.9999835972082336,0.6939948098919249,40.46,184.4,0.995,0.995,0.01,0.01,44.52661359547902,22.53600592047128,4.0,44.44138944523477,22.54790944813117,0.08522415024425534,-0.011903527659892532
A,20260628.0,20.0,8.0,50.0,-7.551696220068534,0.995,0.8171272057700508,0.9999816192766289,0.8171426983712035,40.46,184.4,0.995,0.995,0.017071067811865473,0.02,66.93887558780617,38.34803742414457,8.0,67.20192980655273,38.409493744144974,-0.2630542187465646,-0.06145632000040109
A,20260628.0,20.0,16.0,50.0,-9.714151326048382,0.995,0.8874595911938867,0.9999792226995663,0.8874780465928416,40.46,184.4,0.99625,0.995,0.02414213562373095,0.02414213562373095,180.5110155240465,27.889065963785733,16.0,180.9957725785666,27.866203508438716,-0.48475705452012735,0.022862455347020683
A,20260628.0,30.0,4.0,50.0,-5.308886089888774,1.0,0.6939948098919249,1.0,0.6939948098919249,40.46,184.4,1.0,1.0,0.0,0.0,44.44138944523477,22.54790944813117,4.0,44.44138944523477,22.54790944813117,0.0,0.0
A,20260628.0,30.0,8.0,50.0,-7.552999422611086,0.9975,0.8171414694761765,0.9999985399529169,0.8171426983712035,40.46,184.4,0.9975,0.9975,0.01,0.007071067811865475,67.3230422502913,38.439030864405915,8.0,67.20192980655273,38.409493744144974,0.12111244373857602,0.02953712026094024
A,20260628.0,30.0,16.0,50.0,-9.717856703828694,0.9975,0.8874772172908907,0.9999990690480377,0.8874780465928416,40.46,184.4,0.9975,0.9975,0.013660254037844386,0.02118033988749895,180.8917506302743,27.696093435858867,16.0,180.9957725785666,27.866203508438716,-0.10402194829234589,-0.17011007257984495
A,20260629.0,0.0,4.0,50.0,-5.503538129760657,0.975,0.7113252284254007,0.9993899113473058,0.7117633581713393,36.1,167.72,0.975,0.98,0.05732050807568877,0.05,47.04374253051975,22.56866814300893,4.0,46.21782332918204,22.844007391655072,0.8259192013377045,-0.2753392486461373
A,20260629.0,0.0,8.0,50.0,-7.78143948336322,0.95,0.8321093813830087,0.9976171962331268,0.8340824030788407,36.1,167.72,0.955,0.955,0.17654610655347966,0.14710026245630156,70.7849695798628,37.46520485766605,8.0,70.33393996415657,37.35748752936834,0.45102961570622424,0.10771732829771849
A,20260629.0,0.0,16.0,50.0,-9.505262588747451,0.8675,0.8942107280564313,0.9932308011427056,0.9003103540269702,36.1,167.72,0.895,0.89375,1.2160073568386114,0.6384362820070619,198.47101883651843,29.606030441579755,16.0,167.60553338759235,28.486504397535285,30.86548544892604,1.1195260440444725
A,20260629.0,10.0,4.0,50.0,-5.541301770601759,0.99,0.7116495198486676,0.9998460411189487,0.7117633581713393,36.1,167.72,0.99,0.99,0.02414213562373095,0.03,45.56722050085393,22.708990181334713,4.0,46.21782332918204,22.844007391655072,-0.650602828328115,-0.13501721032035832
A,20260629.0,10.0,8.0,50.0,-7.938388040968248,0.985,0.8339286315656957,0.9998117305345366,0.8340824030788407,36.1,167.72,0.99,0.9875,0.03638958433764684,0.0382842712474619,69.88217222389177,37.357339786044534,8.0,70.33393996415657,37.35748752936834,-0.4517677402648056,-0.0001477433238051873
A,20260629.0,10.0,16.0,50.0,-10.144443192138866,0.95375,0.8997995426247595,0.9994352943016506,0.9003103540269702,36.1,167.72,0.96,0.965,0.26119395727860684,0.201814337969452,169.7080651973495,28.320508066790723,16.0,167.60553338759235,28.486504397535285,2.1025318097571573,-0.16599633074456135
A,20260629.0,20.0,4.0,50.0,-5.54602147841927,1.0,0.7117633581713393,1.0,0.7117633581713393,36.1,167.72,1.0,1.0,0.0,0.0,46.21782332918204,22.844007391655072,4.0,46.21782332918204,22.844007391655072,0.0,0.0
A,20260629.0,20.0,8.0,50.0,-7.951784905405186,1.0,0.8340824030788407,1.0,0.8340824030788407,36.1,167.72,1.0,1.0,0.0,0.0,70.33393996415657,37.35748752936834,8.0,70.33393996415657,37.35748752936834,0.0,0.0
A,20260629.0,20.0,16.0,50.0,-10.199325467098841,0.99,0.9002824940948903,0.9999693563244478,0.9003103540269702,36.1,167.72,0.99,0.99125,0.07597506168251915,0.04207106781186548,167.5382002560527,28.56669559758577,16.0,167.60553338759235,28.486504397535285,-0.06733313153964048,0.08019120005048812
A,20260629.0,30.0,4.0,50.0,-5.546248325937189,1.0,0.7117633581713393,1.0,0.7117633581713393,36.1,167.72,1.0,1.0,0.0,0.0,46.21782332918204,22.844007391655072,4.0,46.21782332918204,22.844007391655072,0.0,0.0
A,20260629.0,30.0,8.0,50.0,-7.952648239092671,1.0,0.8340824030788407,1.0,0.8340824030788407,36.1,167.72,1.0,1.0,0.0,0.0,70.33393996415657,37.35748752936834,8.0,70.33393996415657,37.35748752936834,0.0,0.0
A,20260629.0,30.0,16.0,50.0,-10.203706899143214,0.995,0.9003066053202079,0.9999958551993475,0.9003103540269702,36.1,167.72,0.995,0.995,0.031389584337646846,0.03484059392534333,166.97672803695002,28.426276977577203,16.0,167.60553338759235,28.486504397535285,-0.6288053506423217,-0.06022741995808126
A,20260630.0,0.0,4.0,50.0,-5.915865178748556,0.945,0.731099764818048,0.9977701083400303,0.732643961380675,34.14,156.36,0.965,0.95,0.07414213562373095,0.12478708664619076,46.7487677837768,23.375145548509007,4.0,45.59132435308586,23.695299109186376,1.1574434306909456,-0.32015356067736706
A,20260630.0,0.0,8.0,50.0,-8.133515149057098,0.94,0.8424659069611031,0.9976200257544205,0.8445138320989153,34.14,156.36,0.9475,0.95,0.22357069828991802,0.18412485419273988,72.88081029555676,37.722534293457066,8.0,70.30012426003533,38.09369894046981,2.5806860355214383,-0.37116464701274543
A,20260630.0,0.0,16.0,50.0,-9.808574731346614,0.86125,0.9000729968641736,0.9942098093202041,0.9053285956545561,34.14,156.36,0.8975,0.8975,1.885502970173251,0.7398049668132333,239.24588208352253,29.3742306896963,16.0,171.44538414606075,28.307613431786606,67.80049793746178,1.0666172579096895
A,20260630.0,10.0,4.0,50.0,-5.967612550682784,0.99,0.7325885298159891,0.9999347272771391,0.732643961380675,34.14,156.36,0.99,0.995,0.02,0.01,46.269116389286516,23.69961423469549,4.0,45.59132435308586,23.695299109186376,0.6777920362006611,0.004315125509111368
A,20260630.0,10.0,8.0,50.0,-8.295383544398799,0.9775,0.8442856579867943,0.9997305469519168,0.8445138320989153,34.14,156.36,0.98,0.9825,0.09318874184138107,0.060531719961377795,71.65956943655333,38.2605836311084,8.0,70.30012426003533,38.09369894046981,1.3594451765180011,0.16688469063860153
A,20260630.0,10.0,16.0,50.0,-10.461704452948538,0.95625,0.9048572286286033,0.9994739859945564,0.9053285956545561,34.14,156.36,0.9675,0.965,0.2192228245925885,0.25833559100080733,174.03604280110264,28.24850153508963,16.0,171.44538414606075,28.307613431786606,2.5906586550418673,-0.05911189669698153
A,20260630.0,20.0,4.0,50.0,-5.971768050386488,0.99,0.7326262602083362,0.9999683184449271,0.732643961380675,34.14,156.36,0.995,0.995,0.01,0.02,45.70877637910351,23.69348478580054,4.0,45.59132435308586,23.695299109186376,0.1174520260176584,-0.0018143233858371843
A,20260630.0,20.0,8.0,50.0,-8.311599387871087,0.995,0.8444925697625842,0.9999739392987809,0.8445138320989153,34.14,156.36,0.9975,0.995,0.01,0.017071067811865473,70.01282254598725,38.184405188479644,8.0,70.30012426003533,38.09369894046981,-0.2873017140480769,0.09070624800983197
A,20260630.0,20.0,16.0,50.0,-10.520536992992591,0.99,0.9052989286697116,0.9999675972190317,0.9053285956545561,34.14,156.36,0.99,0.99,0.060372338001087406,0.08032820622898856,172.71192479636338,28.670960891000842,16.0,171.44538414606075,28.307613431786606,1.2665406503026153,0.3633474592142335
A,20260630.0,30.0,4.0,50.0,-5.972312532047836,1.0,0.732643961380675,1.0,0.732643961380675,34.14,156.36,1.0,1.0,0.0,0.0,45.59132435308586,23.695299109186376,4.0,45.59132435308586,23.695299109186376,0.0,0.0
A,20260630.0,30.0,8.0,50.0,-8.313192079269955,0.9975,0.8445122673396135,0.9999982651011174,0.8445138320989153,34.14,156.36,0.9975,0.9975,0.01224744871391589,0.007071067811865475,70.65655176822182,38.03619123687136,8.0,70.30012426003533,38.09369894046981,0.35642750818648705,-0.057507703598439264
A,20260630.0,30.0,16.0,50.0,-10.525881818931444,0.99875,0.905327002226935,0.9999983222550562,0.9053285956545561,34.14,156.36,0.99875,0.99875,0.007071067811865475,0.026457513110645908,171.22609516926684,28.515313248669084,16.0,171.44538414606075,28.307613431786606,-0.21928897679391496,0.20769981688247377
C,20260626.0,0.0,4.0,50.0,-5.8605171530725935,0.96,0.7214284983723452,0.9985600547751267,0.7223728281786508,24.82,90.32,0.97,0.96,0.0723606797749979,0.21533575639918573,22.269039545821993,10.255368344777686,4.0,22.760923401734434,10.46796138657721,-0.49188385591244077,-0.2125930417995241
C,20260626.0,0.0,8.0,50.0,-8.080929494550585,0.92,0.8355470742194506,0.9974809735338412,0.8376158356739744,24.82,90.32,0.9325,0.9325,0.24956104474803684,0.3386516416286501,38.63166709329795,8.963695292084065,8.0,40.73183953629738,9.501774256466405,-2.1001724429994333,-0.5380789643823393
C,20260626.0,0.0,16.0,50.0,-10.338507212868837,0.875,0.9139632708028607,0.9933834057629606,0.9200990757876047,24.82,90.32,0.90875,0.89625,2.947317210551477,0.7100525845256488,268.78585469631275,53.89513579529279,16.0,126.44095764616297,54.71602972788482,142.34489705014977,-0.8208939325920451
C,20260626.0,10.0,4.0,50.0,-5.906791467839608,0.995,0.7223515674331717,0.9999758637699486,0.7223728281786508,24.82,90.32,1.0,0.995,0.0,0.02,22.760923401734434,10.407585626365714,4.0,22.760923401734434,10.46796138657721,0.0,-0.06037576021149576
C,20260626.0,10.0,8.0,50.0,-8.236231225360363,0.9625,0.8373140040378244,0.99963305055431,0.8376158356739744,24.82,90.32,0.9775,0.9625,0.11444842135240464,0.21247334195892484,41.13133485729614,9.509729057208443,8.0,40.73183953629738,9.501774256466405,0.39949532099875945,0.007954800742038123
C,20260626.0,10.0,16.0,50.0,-11.247209548565097,0.96625,0.9198019833662541,0.9996780257200852,0.9200990757876047,24.82,90.32,0.97375,0.96875,0.16486981268414574,0.2576660036173733,128.58453401346486,55.385781598582156,16.0,126.44095764616297,54.71602972788482,2.1435763673018795,0.6697518706973118
C,20260626.0,20.0,4.0,50.0,-5.910866553130071,1.0,0.7223728281786508,1.0,0.7223728281786508,24.82,90.32,1.0,1.0,0.0,0.0,22.760923401734434,10.46796138657721,4.0,22.760923401734434,10.46796138657721,0.0,0.0
C,20260626.0,20.0,8.0,50.0,-8.255271079160465,0.9925,0.8375983614337404,0.9999803377306403,0.8376158356739744,24.82,90.32,0.9925,0.9925,0.03,0.041462643699419724,40.3158696058632,9.513042493671572,8.0,40.73183953629738,9.501774256466405,-0.41596993043417824,0.011268237205166579
C,20260626.0,20.0,16.0,50.0,-11.307302849318942,0.98625,0.9200434522161881,0.9999402439969266,0.9200990757876047,24.82,90.32,0.9875,0.9875,0.0710311462168983,0.10309653771211603,125.8311373940802,54.656994284294406,16.0,126.44095764616297,54.71602972788482,-0.6098202520827831,-0.05903544359042939
C,20260626.0,30.0,4.0,50.0,-5.911187552194462,1.0,0.7223728281786508,1.0,0.7223728281786508,24.82,90.32,1.0,1.0,0.0,0.0,22.760923401734434,10.46796138657721,4.0,22.760923401734434,10.46796138657721,0.0,0.0
C,20260626.0,30.0,8.0,50.0,-8.256921108691325,0.995,0.8376081621296096,0.9999910696693238,0.8376158356739744,24.82,90.32,0.995,0.995,0.017071067811865473,0.02414213562373095,40.35949768072243,9.512844319569952,8.0,40.73183953629738,9.501774256466405,-0.37234185557495236,0.011070063103546045
C,20260626.0,30.0,16.0,50.0,-11.315111807168016,0.995,0.9200912581572644,0.9999915331984053,0.9200990757876047,24.82,90.32,0.9975,0.995,0.012071067811865475,0.04310221402876377,126.00092776737148,54.54588022005987,16.0,126.44095764616297,54.71602972788482,-0.44002987879147243,-0.17014950782495858
C,20260627.0,0.0,4.0,50.0,-6.411902857881013,0.945,0.7586251840869146,0.9969035091123252,0.7608673221955123,20.4,73.76,0.98,0.945,0.0623606797749979,0.24382546189725893,26.77850456038142,11.280451438188493,4.0,24.266285209300662,11.041850680966098,2.512219351080756,0.23860075722239568
C,20260627.0,0.0,8.0,50.0,-8.73620009190428,0.9125,0.8632192765190376,0.9972274462360192,0.8656471898685291,20.4,73.76,0.9275,0.92,0.24524510547748204,0.3653474451388769,33.502417756370825,8.34789807527258,8.0,35.02757824028495,8.236349171249168,-1.5251604839141182,0.1115489040234128
C,20260627.0,0.0,16.0,50.0,-11.043495222853826,0.865,0.9291913703156665,0.9939115249228477,0.9349000660342597,20.4,73.76,0.91125,0.88875,3.4262768087088413,0.8057923169984719,279.3019341445637,49.86672696485613,16.0,123.48635304419201,53.503675375852794,155.8155811003717,-3.6369484109966668
C,20260627.0,10.0,4.0,50.0,-6.48476858910022,0.99,0.7607577448561696,0.9998589863685183,0.7608673221955123,20.4,73.76,0.995,0.99,0.01,0.0423606797749979,23.85061265071309,10.95788405001553,4.0,24.266285209300662,11.041850680966098,-0.4156725585875733,-0.08396663095056794
C,20260627.0,10.0,8.0,50.0,-8.955171639681252,0.96,0.865235531817503,0.9995196972810574,0.8656471898685291,20.4,73.76,0.9725,0.965,0.08071067811865476,0.1742300577298344,33.69969474747417,8.362436082569987,8.0,35.02757824028495,8.236349171249168,-1.3278834928107852,0.12608691132081992
C,20260627.0,10.0,16.0,50.0,-12.047693891893827,0.96,0.9345899431105218,0.999669925737772,0.9349000660342597,20.4,73.76,0.9725,0.96,0.1771172613980616,0.27692549651036114,122.60904059051286,52.251273134512374,16.0,123.48635304419201,53.503675375852794,-0.8773124536791473,-1.2524022413404097
C,20260627.0,20.0,4.0,50.0,-6.490750556585243,1.0,0.7608673221955123,1.0,0.7608673221955123,20.4,73.76,1.0,1.0,0.0,0.0,24.266285209300662,11.041850680966098,4.0,24.266285209300662,11.041850680966098,0.0,0.0
C,20260627.0,20.0,8.0,50.0,-8.981972068627531,0.9925,0.8656211956692194,0.9999697759916403,0.8656471898685291,20.4,73.76,0.995,0.9925,0.01414213562373095,0.04448764167960489,35.04742433789448,8.192915374983373,8.0,35.02757824028495,8.236349171249168,0.019846097609524663,-0.043433796265794716
C,20260627.0,20.0,16.0,50.0,-12.124294230341688,0.98125,0.934853768636765,0.9999508863816385,0.9349000660342597,20.4,73.76,0.98625,0.9825,0.0835337115112852,0.131104905727807,123.71976407389216,53.33940107164205,16.0,123.48635304419201,53.503675375852794,0.23341102970014788,-0.16427430421074832
C,20260627.0,30.0,4.0,50.0,-6.491186312993872,1.0,0.7608673221955123,1.0,0.7608673221955123,20.4,73.76,1.0,1.0,0.0,0.0,24.266285209300662,11.041850680966098,4.0,24.266285209300662,11.041850680966098,0.0,0.0
C,20260627.0,30.0,8.0,50.0,-8.984204820588511,1.0,0.865647189868529,1.0,0.8656471898685291,20.4,73.76,1.0,1.0,0.0,0.0,35.02757824028495,8.236349171249168,8.0,35.02757824028495,8.236349171249168,0.0,0.0
C,20260627.0,30.0,16.0,50.0,-12.133488132276764,0.995,0.9348964943498528,0.999996218618392,0.9349000660342597,20.4,73.76,0.9975,0.995,0.02280238966157534,0.04549885641328031,123.80535137044028,53.67827813544181,16.0,123.48635304419201,53.503675375852794,0.3189983262482599,0.17460275958902613
C,20260628.0,0.0,4.0,50.0,-6.242895436676364,0.955,0.7426988922328759,0.9983133071041692,0.7436766059298273,21.72,80.24,0.97,0.955,0.06732050807568876,0.20937478448453398,23.735854884869255,10.833704982246095,4.0,23.496067704757287,10.819364958239985,0.23978718011196867,0.014340024006109875
C,20260628.0,0.0,8.0,50.0,-8.510222583141745,0.9175,0.8500672274610885,0.9966306058303915,0.8529729111136781,21.72,80.24,0.94,0.925,0.22114944592917823,0.3519009144647083,41.13518819148217,8.972378603726025,8.0,39.412086416341076,8.756959638119064,1.7231017751410962,0.2154189656069619
C,20260628.0,0.0,16.0,50.0,-10.77035154899079,0.88125,0.9221554115857644,0.9941512700014664,0.9276159053284627,21.72,80.24,0.91,0.9075,1.997393104635688,0.6283904527737618,208.25086321401943,53.93696113990129,16.0,135.9465165510104,54.33341877975935,72.30434666300906,-0.39645763985805615
C,20260628.0,10.0,4.0,50.0,-6.278897208890762,0.965,0.7434288684079733,0.9996131414733598,0.7436766059298273,21.72,80.24,0.98,0.965,0.04,0.1735169201082649,22.934532389802612,10.529029627254113,4.0,23.496067704757287,10.819364958239985,-0.5615353149546738,-0.29033533098587067
C,20260628.0,10.0,8.0,50.0,-8.737950889297176,0.9675,0.8527086514202974,0.9996913716158775,0.8529729111136781,21.72,80.24,0.9825,0.9675,0.07277916867529369,0.1941289719692248,39.594621511955786,8.78632038688092,8.0,39.412086416341076,8.756959638119064,0.18253509561470757,0.029360748761857715
C,20260628.0,10.0,16.0,50.0,-11.7417186637541,0.96625,0.9272549616578156,0.9996134511597292,0.9276159053284627,21.72,80.24,0.97375,0.97,0.16728399973829622,0.244713255647871,136.1283008490965,54.011370285348086,16.0,135.9465165510104,54.33341877975935,0.18178429808610302,-0.32204849441125355
C,20260628.0,20.0,4.0,50.0,-6.2853696785696425,0.99,0.7436598817052478,0.9999807073218926,0.7436766059298273,21.72,80.24,0.995,0.99,0.01414213562373095,0.03,23.907308761509025,10.937816900947166,4.0,23.496067704757287,10.819364958239985,0.4112410567517408,0.11845194270717968
C,20260628.0,20.0,8.0,50.0,-8.758138949259187,0.99,0.8529385177436372,0.9999584844537038,0.8529729111136781,21.72,80.24,0.995,0.99,0.01414213562373095,0.07185815445805621,39.33299432037259,8.608566427693205,8.0,39.412086416341076,8.756959638119064,-0.07909209596848,-0.14839321042585873
C,20260628.0,20.0,16.0,50.0,-11.81646158516704,0.98875,0.9275758035201886,0.9999577806490575,0.9276159053284627,21.72,80.24,0.99,0.98875,0.05944195999091938,0.1123167716550679,135.6960915177452,54.3105233499736,16.0,135.9465165510104,54.33341877975935,-0.2504250332651657,-0.022895429785747864
C,20260628.0,30.0,4.0,50.0,-6.286271803740983,1.0,0.7436766059298273,1.0,0.7436766059298273,21.72,80.24,1.0,1.0,0.0,0.0,23.496067704757287,10.819364958239985,4.0,23.496067704757287,10.819364958239985,0.0,0.0
C,20260628.0,30.0,8.0,50.0,-8.760456686176191,0.99,0.8529672749043593,0.9999930873233893,0.8529729111136781,21.72,80.24,0.995,0.99,0.029318516525781366,0.07055317265894971,38.841472873926534,8.662252498744927,8.0,39.412086416341076,8.756959638119064,-0.5706135424145468,-0.09470713937413647
C,20260628.0,30.0,16.0,50.0,-11.825295941556346,0.99375,0.9276122093128396,0.9999961446967862,0.9276159053284627,21.72,80.24,0.99375,0.99375,0.03573132184970986,0.046905599463006896,135.378544026686,54.43589185677488,16.0,135.9465165510104,54.33341877975935,-0.5679725243243939,0.10247307701553666
C,20260629.0,0.0,4.0,50.0,-6.5291103623217746,0.94,0.7582027022312107,0.9983255128569083,0.7595458746835861,20.76,75.84,0.96,0.94,0.08,0.3085421856552859,24.4588614888886,9.772761219065094,4.0,25.590147191908546,10.016973943188164,-1.1312857030199468,-0.24421272412306994
C,20260629.0,0.0,8.0,50.0,-8.95547934687758,0.9375,0.8645156142388253,0.9973783855307599,0.8667420309038489,20.76,75.84,0.9425,0.9425,0.21484071308750097,0.3777548685297197,37.73346631426553,8.797773563971408,8.0,35.430824774256806,8.011307223502422,2.3026415400087235,0.7864663404689841
C,20260629.0,0.0,16.0,50.0,-11.027895878619272,0.84625,0.9275115750593694,0.9925240806182962,0.9345143492885244,20.76,75.84,0.8875,0.87625,3.881495402270101,0.9066209904349857,310.62020980867317,51.59143346790036,16.0,133.24528394773526,52.765777287157455,177.3749258609379,-1.174343819257087
C,20260629.0,10.0,4.0,50.0,-6.5932033275225645,0.99,0.7594542005240065,0.9998825865901787,0.7595458746835861,20.76,75.84,0.99,0.99,0.02,0.07864763012391603,24.948225867449942,9.767984099905831,4.0,25.590147191908546,10.016973943188164,-0.6419213244586046,-0.24898984328233312
C,20260629.0,10.0,8.0,50.0,-9.160307326998506,0.9675,0.866410724919695,0.9996153315591304,0.8667420309038489,20.76,75.84,0.9725,0.9675,0.12682835214817031,0.18969032926235435,36.72468661336741,7.964799578935276,8.0,35.430824774256806,8.011307223502422,1.293861839110612,-0.046507644567146365
C,20260629.0,10.0,16.0,50.0,-12.233689867186404,0.9625,0.9340968323989212,0.9995527788295265,0.9345143492885244,20.76,75.84,0.9675,0.965,0.1886478338704804,0.30272467558816357,134.68847027387764,52.632227492255225,16.0,133.24528394773526,52.765777287157455,1.4431863261423705,-0.13354979490222418
C,20260629.0,20.0,4.0,50.0,-6.5986213557625675,1.0,0.7595458746835861,1.0,0.7595458746835861,20.76,75.84,1.0,1.0,0.0,0.0,25.590147191908546,10.016973943188164,4.0,25.590147191908546,10.016973943188164,0.0,0.0
C,20260629.0,20.0,8.0,50.0,-9.183758116314037,0.99,0.8667166684996175,0.9999701317150931,0.8667420309038489,20.76,75.84,0.9925,0.99,0.026389584337646838,0.05078116022520108,34.90795352975367,7.828941716125291,8.0,35.430824774256806,8.011307223502422,-0.5228712445031377,-0.18236550737713134
C,20260629.0,20.0,16.0,50.0,-12.319371908591938,0.99125,0.9344672965497383,0.9999499949929879,0.9345143492885244,20.76,75.84,0.99125,0.99125,0.05512289773726411,0.07269336769028381,132.64330447880607,53.14179348643886,16.0,133.24528394773526,52.765777287157455,-0.6019794689291811,0.3760161992814025
C,20260629.0,30.0,4.0,50.0,-6.599007522356267,1.0,0.7595458746835861,1.0,0.7595458746835861,20.76,75.84,1.0,1.0,0.0,0.0,25.590147191908546,10.016973943188164,4.0,25.590147191908546,10.016973943188164,0.0,0.0
C,20260629.0,30.0,8.0,50.0,-9.186193862593985,1.0,0.8667420309038489,1.0,0.8667420309038489,20.76,75.84,1.0,1.0,0.0,0.0,35.430824774256806,8.011307223502422,8.0,35.430824774256806,8.011307223502422,0.0,0.0
C,20260629.0,30.0,16.0,50.0,-12.330676131903667,0.9975,0.9345135003966385,0.9999990675776921,0.9345143492885244,20.76,75.84,0.9975,0.9975,0.01,0.017071067811865473,133.18926205937134,52.99266999889238,16.0,133.24528394773526,52.765777287157455,-0.056021888363904114,0.22689271173493353
C,20260630.0,0.0,4.0,50.0,-6.729778318352642,0.955,0.7701692610573585,0.9991365345162342,0.7708767264283652,19.62,73.08,0.98,0.955,0.05414213562373095,0.20350536285661414,23.880345429666228,9.429042921886287,4.0,22.838038309535246,9.014413048955088,1.042307120130981,0.4146298729312006
C,20260630.0,0.0,8.0,50.0,-9.109267915397481,0.93,0.8705169946720859,0.997464023088451,0.8726669047060643,19.62,73.08,0.955,0.9325,0.1702081528017131,0.3441073022257444,33.388219293483616,8.135556265808326,8.0,31.067796916468197,8.10092563113273,2.32042237701542,0.034630634675594935
C,20260630.0,0.0,16.0,50.0,-11.240803998400953,0.86875,0.9317593620772133,0.9939526117909436,0.9374652062796882,19.62,73.08,0.8975,0.89375,3.6917654327080878,0.8373840633039532,292.0585876513219,50.63629093350647,16.0,125.95637907860335,52.972072161987015,166.10220857271855,-2.3357812284805415
C,20260630.0,10.0,4.0,50.0,-6.7916150172220195,0.975,0.7707167006722725,0.9997930365160318,0.7708767264283652,19.62,73.08,0.98,0.975,0.04,0.1305502584421288,23.07651917151738,9.082527885008483,4.0,22.838038309535246,9.014413048955088,0.23848086198213295,0.0681148360533949
C,20260630.0,10.0,8.0,50.0,-9.33149993304765,0.98,0.8725028655458905,0.9998128718689463,0.8726669047060643,19.62,73.08,0.99,0.98,0.03995352392457285,0.10352740713516717,32.189603773868484,8.20936865200539,8.0,31.067796916468197,8.10092563113273,1.1218068574002857,0.10844302087265917
C,20260630.0,10.0,16.0,50.0,-12.39199182861471,0.9625,0.9371479128858837,0.9996625268862903,0.9374652062796882,19.62,73.08,0.9675,0.96375,0.16937093215649912,0.2914387219129837,126.83001318123516,53.304899358782734,16.0,125.95637907860335,52.972072161987015,0.8736341026318039,0.3328271967957178
C,20260630.0,20.0,4.0,50.0,-6.7987165096576625,0.985,0.7708388791004236,0.9999470509173161,0.7708767264283652,19.62,73.08,0.995,0.985,0.01414213562373095,0.07738768882709854,22.40805940519242,8.725528972217813,4.0,22.838038309535246,9.014413048955088,-0.4299789043428264,-0.28888407673727395
C,20260630.0,20.0,8.0,50.0,-9.350591354230497,0.9875,0.8726388698599762,0.9999679211676746,0.8726669047060643,19.62,73.08,0.99,0.9875,0.031213203435596425,0.08122417494872465,31.569921242961744,7.793488829047011,8.0,31.067796916468197,8.10092563113273,0.5021243264935498,-0.3074368020857191
C,20260630.0,20.0,16.0,50.0,-12.476281840019269,0.9825,0.9374264943256354,0.999958998041246,0.9374652062796882,19.62,73.08,0.9875,0.9825,0.0836067467586918,0.15456174933977004,125.9268394550416,53.66463168037078,16.0,125.95637907860335,52.972072161987015,-0.029539623561741734,0.6925595183837677
C,20260630.0,30.0,4.0,50.0,-6.799768170574976,1.0,0.7708767264283652,1.0,0.7708767264283652,19.62,73.08,1.0,1.0,0.0,0.0,22.838038309535246,9.014413048955088,4.0,22.838038309535246,9.014413048955088,0.0,0.0
C,20260630.0,30.0,8.0,50.0,-9.352966761388881,0.9975,0.8726635924581458,0.9999965660565764,0.8726669047060643,19.62,73.08,0.9975,0.9975,0.007071067811865475,0.022360679774997897,31.213485363824567,8.008259504405554,8.0,31.067796916468197,8.10092563113273,0.1456884473563671,-0.0926661267271759
C,20260630.0,30.0,16.0,50.0,-12.485307221506803,0.995,0.9374623548924322,0.9999970358529652,0.9374652062796882,19.62,73.08,0.9975,0.995,0.017071067811865473,0.03995352392457285,125.876543891412,53.02937099377603,16.0,125.95637907860335,52.972072161987015,-0.07983518719133371,0.05729883178901119
D,20260626.0,0.0,4.0,50.0,-15.104242687745817,0.82,0.970614658554753,0.9979797871186012,0.9725806262680093,1.92,12.42,0.865,0.86,1.770280365974742,0.6096780249146991,203.10415188480766,11.090104178371691,4.0,130.8269429292698,9.157489882892133,72.27720895553787,1.9326142954795598
D,20260626.0,0.0,8.0,50.0,-14.800934915000855,0.645,0.9778291861445649,0.9933940939771267,0.9843357316922661,1.92,12.42,0.69,0.7025,15.136585676161642,2.176250075376528,948.0142710762572,36.93580323838048,8.0,329.4966661111778,34.04148570427774,618.5176049650795,2.8943175341027376
D,20260626.0,0.0,16.0,50.0,-13.161061853301531,0.45625,0.9820872619704332,0.98930556064968,0.9927020270806723,1.92,12.42,0.4975,0.62875,23.214930815365182,2.6945068843725126,764.7786178651305,51.981843340253405,13.0,347.8269627441436,54.47011729767979,416.95165512098697,-2.48827395742637
D,20260626.0,10.0,4.0,50.0,-15.825833088213464,0.95,0.9724490836908931,0.9998651879681583,0.9725806262680093,1.92,12.42,0.975,0.955,0.14,0.15650281539872885,126.64140752239453,9.23295309693221,4.0,130.8269429292698,9.157489882892133,-4.1855354068752515,0.07546321404007748
D,20260626.0,10.0,8.0,50.0,-18.173090890923017,0.9325,0.9841029233204529,0.9997628003508647,0.9843357316922661,1.92,12.42,0.9425,0.9475,0.33430779664717086,0.32095607694255884,328.8834904069752,34.5460164139598,8.0,329.4966661111778,34.04148570427774,-0.6131757042025362,0.5045307096820536
D,20260626.0,10.0,16.0,50.0,-20.82442466368471,0.90125,0.9922195239568715,0.9995142169779725,0.9927020270806723,1.92,12.42,0.9275,0.9125,2.1640483148140266,0.8178845039823653,341.43878804066276,53.6478056607858,13.0,347.8269627441436,54.47011729767979,-6.3881747034808845,-0.8223116368939796
D,20260626.0,20.0,4.0,50.0,-15.878580644307583,0.975,0.9725698999475408,0.9999890086233353,0.9725806262680093,1.92,12.42,0.985,0.98,0.0482842712474619,0.06059964873437686,131.75059558621035,9.333205688692205,4.0,130.8269429292698,9.157489882892133,0.9236526569405646,0.17571580580007187
D,20260626.0,20.0,8.0,50.0,-18.34481054411846,0.9825,0.98432452920497,0.9999886258453929,0.9843357316922661,1.92,12.42,0.99,0.985,0.09570261566850617,0.09346065214951231,331.5900090236414,33.712943921748476,8.0,329.4966661111778,34.04148570427774,2.093342912463647,-0.32854178252926913
D,20260626.0,20.0,16.0,50.0,-21.617085128461625,0.97,0.9926684076403908,0.9999660853165578,0.9927020270806723,1.92,12.42,0.97375,0.97125,0.4421270277060026,0.33868353450407257,340.0525622815651,54.400896179062826,13.0,347.8269627441436,54.47011729767979,-7.774400462578513,-0.069221118616951
D,20260626.0,30.0,4.0,50.0,-15.883387280124277,1.0,0.9725806262680093,1.0,0.9725806262680093,1.92,12.42,1.0,1.0,0.0,0.0,130.8269429292698,9.157489882892133,4.0,130.8269429292698,9.157489882892133,0.0,0.0
D,20260626.0,30.0,8.0,50.0,-18.3595075307877,0.9925,0.9843354524087214,0.9999997171384243,0.9843357316922661,1.92,12.42,0.995,0.9925,0.03313189637653067,0.029953523924572848,328.58505420871063,34.214829593197436,8.0,329.4966661111778,34.04148570427774,-0.9116119024670946,0.17334388891969651
D,20260626.0,30.0,16.0,50.0,-21.682794820007107,0.9825,0.9926976746906164,0.9999956231702589,0.9927020270806723,1.92,12.42,0.985,0.9825,0.368480727023665,0.20805089006989141,343.984818796187,54.79016947767514,13.0,347.8269627441436,54.47011729767979,-3.8421439479565835,0.3200521799953593
D,20260627.0,0.0,4.0,50.0,-15.188303596561331,0.795,0.9718140654267086,0.997671119653072,0.9740897371877456,1.8,11.54,0.85,0.835,3.6938921771926747,0.8301855411184513,296.9368079538306,11.941813266772664,4.0,100.13540827025425,7.594819726136672,196.8013996835764,4.346993540635995
D,20260627.0,0.0,8.0,50.0,-15.171210596557884,0.6625,0.9800921589928894,0.9943507526506052,0.9856667597938186,1.8,11.54,0.7025,0.7175,14.83439801102247,2.1443490082235677,913.6333588388177,37.295894394579726,8.0,335.97787378499555,30.904139531055435,577.6554850538221,6.391754863524287
D,20260627.0,0.0,16.0,50.0,-13.182925799030558,0.43875,0.9828309613145555,0.9893753462305444,0.9933857236158345,1.8,11.54,0.4675,0.6225,24.40747960570098,2.7943904849769035,803.5507960634296,53.28699117131178,13.0,340.66762357813224,52.52324475744228,462.88317248529734,0.7637464138694976
D,20260627.0,10.0,4.0,50.0,-16.063121372655765,0.93,0.9739242463751491,0.9998289077284455,0.9740897371877456,1.8,11.54,0.94,0.935,0.3321090483770944,0.24605721787823398,103.1075401800478,7.783327584342049,4.0,100.13540827025425,7.594819726136672,2.9721319097935464,0.18850785820537866
D,20260627.0,10.0,8.0,50.0,-18.546353814047208,0.9425,0.9855451598719971,0.9998764365457447,0.9856667597938186,1.8,11.54,0.95,0.955,0.4887215178303611,0.34029504658593657,336.1329643792807,30.90880626703873,8.0,335.97787378499555,30.904139531055435,0.1550905942851921,0.0046667359832999016
D,20260627.0,10.0,16.0,50.0,-21.13039276866071,0.8925,0.9929248931737217,0.9995362714639843,0.9933857236158345,1.8,11.54,0.91625,0.9025,2.065859727848401,0.9015327865475985,322.95577338943514,51.66746804920632,13.0,340.66762357813224,52.52324475744228,-17.71185018869712,-0.8557767082359652
D,20260627.0,20.0,4.0,50.0,-16.12388255831518,0.97,0.9740806022125189,0.999990613787566,0.9740897371877456,1.8,11.54,0.985,0.97,0.2,0.17146264369941974,98.92021855231667,7.486785738406849,4.0,100.13540827025425,7.594819726136672,-1.2151897179375748,-0.10803398772982213
D,20260627.0,20.0,8.0,50.0,-18.698108112652132,0.975,0.9856577065028037,0.9999908229564848,0.9856667597938186,1.8,11.54,0.9825,0.9775,0.1389484732906895,0.11676619087329466,332.20631833512795,31.51906401652109,8.0,335.97787378499555,30.904139531055435,-3.7715554498675306,0.6149244854656566
D,20260627.0,20.0,16.0,50.0,-22.002575209628613,0.98,0.9933613206473828,0.9999754424214745,0.9933857236158345,1.8,11.54,0.9875,0.9825,0.31672446559746165,0.21596400648018302,336.7650777880046,53.009092056730495,13.0,340.66762357813224,52.52324475744228,-3.9025457901276663,0.4858472992882048
D,20260627.0,30.0,4.0,50.0,-16.12871850739642,0.99,0.9740892881275325,0.9999995364123052,0.9740897371877456,1.8,11.54,0.995,0.99,0.01,0.04,100.61822156430306,7.731155294304706,4.0,100.13540827025425,7.594819726136672,0.48281329404880213,0.1363355681680355
D,20260627.0,30.0,8.0,50.0,-18.7133746567632,0.9925,0.9856656962177311,0.9999989284733521,0.9856667597938186,1.8,11.54,0.9925,0.995,0.08245165457218395,0.05088448176547862,337.21450581067506,31.063178088594867,8.0,335.97787378499555,30.904139531055435,1.2366320256794519,0.1590385575394373
D,20260627.0,30.0,16.0,50.0,-22.072800520840495,0.98875,0.9933810591110039,0.999995302338537,0.9933857236158345,1.8,11.54,0.99,0.99,0.13417224642687592,0.1065641361696521,338.2537841403249,52.9382724598435,13.0,340.66762357813224,52.52324475744228,-2.4138394378073498,0.41502770240120723
D,20260628.0,0.0,4.0,50.0,-15.271829524259822,0.82,0.9720249188145285,0.9979225911589829,0.9740486690335493,1.76,12.2,0.845,0.855,2.8556673249937097,0.7108095033667365,237.20299995935278,9.632867812699208,4.0,101.37577481411104,7.742822903032895,135.82722514524178,1.8900449096663121
D,20260628.0,0.0,8.0,50.0,-14.963535008298013,0.6525,0.979135502444739,0.9936491516460125,0.9853962270835368,1.76,12.2,0.695,0.7025,16.219840858397678,2.2416650113272967,1017.4253316003512,37.443262686407444,8.0,346.6486066419482,32.58154749731868,670.7767249584031,4.861715189088765
D,20260628.0,0.0,16.0,50.0,-12.986264687690893,0.41875,0.9815585237021657,0.9885541932208239,0.992921818258286,1.76,12.2,0.45125,0.62375,25.31599028419251,2.640478599897289,846.5057631501359,51.98491712770029,13.0,347.53336229546215,53.441029025881846,498.97240085467377,-1.456111898181557
D,20260628.0,10.0,4.0,50.0,-16.006956363939846,0.965,0.9739684705063574,0.9999174321016732,0.9740486690335493,1.76,12.2,0.98,0.97,0.0882842712474619,0.1016227766016838,101.48169293348188,7.8430426727675675,4.0,101.37577481411104,7.742822903032895,0.105918119370871,0.1002197697346721
D,20260628.0,10.0,8.0,50.0,-18.393900361818794,0.93,0.9851583318154549,0.999758666794833,0.9853962270835368,1.76,12.2,0.9375,0.95,0.3154276842746046,0.2662881156455541,349.96894601943904,31.95923204549275,8.0,346.6486066419482,32.58154749731868,3.320339377490764,-0.6223154518259308
D,20260628.0,10.0,16.0,50.0,-20.88314971333479,0.88875,0.9924033819457871,0.9994779867873081,0.992921818258286,1.76,12.2,0.91375,0.905,1.9306408527282537,0.9207385959095447,355.49862559154695,53.30929085099569,13.0,347.53336229546215,53.441029025881846,7.965263296084726,-0.13173817488615255
D,20260628.0,20.0,4.0,50.0,-16.049374926316,0.975,0.9740293310625343,0.9999800802445842,0.9740486690335493,1.76,12.2,0.985,0.975,0.0582842712474619,0.05,101.43946368433816,7.715456182349162,4.0,101.37577481411104,7.742822903032895,0.063688870227126,-0.027366720683732932
D,20260628.0,20.0,8.0,50.0,-18.577543116683444,0.97,0.98535505593421,0.9999581676530718,0.9853962270835368,1.76,12.2,0.9725,0.98,0.19525874211917799,0.11971912909254835,343.70668986503466,33.09016448853495,8.0,346.6486066419482,32.58154749731868,-2.9419167769135783,0.5086169912162697
D,20260628.0,20.0,16.0,50.0,-21.74038497017266,0.965,0.9928723024552234,0.9999500494856913,0.992921818258286,1.76,12.2,0.97125,0.9675,0.4417797732319265,0.34464539193199956,351.0907806784775,53.05674073096572,13.0,347.53336229546215,53.441029025881846,3.5574183830152912,-0.3842882949161223
D,20260628.0,30.0,4.0,50.0,-16.055365495906553,0.995,0.9740482963438493,0.9999996219578374,0.9740486690335493,1.76,12.2,1.0,0.995,0.0,0.01,101.37577481411104,7.735395843516764,4.0,101.37577481411104,7.742822903032895,0.0,-0.007427059516131962
D,20260628.0,30.0,8.0,50.0,-18.60235864255498,0.9975,0.9853961473089626,0.9999999189297946,0.9853962270835368,1.76,12.2,0.9975,1.0,0.01,0.0,346.3176685236763,32.58154749731868,8.0,346.6486066419482,32.58154749731868,-0.33093811827197783,0.0
D,20260628.0,30.0,16.0,50.0,-21.820204935312002,0.99125,0.9929199268022059,0.9999980970976569,0.992921818258286,1.76,12.2,0.9925,0.99125,0.07976232764691077,0.0770943190848918,348.8370969722549,53.565848935405775,13.0,347.53336229546215,53.441029025881846,1.3037346767928364,0.12481990952393218
D,20260629.0,0.0,4.0,50.0,-15.12468830466927,0.765,0.9710757285856506,0.99791189940807,0.9731107118880845,1.82,12.16,0.835,0.825,3.8728395905535926,0.9258358934549692,316.3163760333536,11.288756928784958,4.0,113.57170049194819,8.547250872633919,202.74467554140546,2.7415060561510383
D,20260629.0,0.0,8.0,50.0,-15.013646985243001,0.6525,0.9787189220217282,0.9939649741334126,0.9846649020562636,1.82,12.16,0.6925,0.7175,16.56776400847089,2.0837071132821445,967.8568629712361,40.02556423533111,8.0,330.1982497584438,33.65083787801706,637.6586132127923,6.374726357314047
D,20260629.0,0.0,16.0,50.0,-13.102313721618652,0.44625,0.9817832558210924,0.988727819107495,0.9929750280531471,1.82,12.16,0.4825,0.62625,24.73102428391344,2.751025890679122,768.3763441999313,54.8296111708484,13.0,342.9613005729428,52.32982297243453,425.41504362698856,2.4997881984138615
D,20260629.0,10.0,4.0,50.0,-15.876884110511508,0.935,0.9729979044629624,0.9998841534983535,0.9731107118880845,1.82,12.16,0.95,0.955,0.27402608699987663,0.19542219948179643,120.71428600713169,9.066053199415936,4.0,113.57170049194819,8.547250872633919,7.142585515183489,0.518802326782016
D,20260629.0,10.0,8.0,50.0,-18.171030465983044,0.9275,0.984430833347185,0.9997623106968899,0.9846649020562636,1.82,12.16,0.94,0.94,0.431193810041686,0.33177350531832756,329.4011505596299,32.81859320814712,8.0,330.1982497584438,33.65083787801706,-0.7970991988138616,-0.832244669869943
D,20260629.0,10.0,16.0,50.0,-20.942124901483243,0.9075,0.992533833206469,0.9995556520589257,0.9929750280531471,1.82,12.16,0.92875,0.915,1.5718251427320644,0.8611556358454159,329.0351907639152,52.45100434323064,13.0,342.9613005729428,52.32982297243453,-13.926109809027675,0.12118137079609938
D,20260629.0,20.0,4.0,50.0,-15.921283657868532,0.95,0.9730737239312546,0.9999616914528491,0.9731107118880845,1.82,12.16,0.955,0.97,0.2629126786466034,0.1887367098025452,119.93000998522984,8.89074829236926,4.0,113.57170049194819,8.547250872633919,6.3583094932816335,0.34349741973533904
D,20260629.0,20.0,8.0,50.0,-18.341438304411284,0.9775,0.9846465115854376,0.9999813242592396,0.9846649020562636,1.82,12.16,0.9775,0.98,0.11592140033838375,0.08017093063328944,329.4831699560107,33.78158830444817,8.0,330.1982497584438,33.65083787801706,-0.715079802433031,0.1307504264311089
D,20260629.0,20.0,16.0,50.0,-21.681550895395574,0.96625,0.9929306194093804,0.9999552445900397,0.9929750280531471,1.82,12.16,0.975,0.9675,0.3630795392901938,0.3234175361134534,348.0858325395423,52.55609485814621,13.0,342.9613005729428,52.32982297243453,5.1245319665995535,0.22627188571167495
D,20260629.0,30.0,4.0,50.0,-15.929468922183752,0.99,0.9731099621828847,0.9999992310742027,0.9731107118880845,1.82,12.16,0.995,0.99,0.02,0.02414213562373095,113.73299675443326,8.51591349418162,4.0,113.57170049194819,8.547250872633919,0.16129626248507065,-0.03133737845230063
D,20260629.0,30.0,8.0,50.0,-18.357999984703053,0.9925,0.9846629894166133,0.9999980565688708,0.9846649020562636,1.82,12.16,0.9925,0.9925,0.04020296418839615,0.03285042255760066,329.9464312345277,33.86076655533781,8.0,330.1982497584438,33.65083787801706,-0.25181852391604936,0.2099286773207524
D,20260629.0,30.0,16.0,50.0,-21.75681085633785,0.99,0.9929732535127325,0.9999982127814718,0.9929750280531471,1.82,12.16,0.99125,0.99,0.22001193080529224,0.14826192520853307,346.79777832357945,52.63538498112046,13.0,342.9613005729428,52.32982297243453,3.836477750636684,0.30556200868592454
D,20260630.0,0.0,4.0,50.0,-15.000387155564212,0.795,0.9702031942788543,0.9976495958424817,0.9724890084485671,1.74,12.84,0.835,0.85,2.2587366602925885,0.6636146729035598,241.08187361138474,11.744758392601517,4.0,138.0771652257011,9.8198694003395,103.00470838568366,1.9248889922620152
D,20260630.0,0.0,8.0,50.0,-15.01520564651519,0.6725,0.97838561136214,0.9941189855460034,0.9841763246132489,1.74,12.84,0.73,0.7275,14.70617840998438,2.128816266468954,910.3255282859634,33.77547385362057,8.0,324.1015308919108,33.025736240639716,586.2239973940525,0.749737612980855
D,20260630.0,0.0,16.0,50.0,-13.127656197370486,0.45625,0.9812272635704218,0.9886091719195172,0.9925318055436472,1.74,12.84,0.48625,0.63875,24.088733360428222,2.8354911035496246,798.1214604386164,55.69997595144182,13.0,338.21484421516215,52.61893185848427,459.9066162234542,3.0810440929575504
D,20260630.0,10.0,4.0,50.0,-15.70035183139927,0.94,0.9723253526425364,0.9998315226529445,0.9724890084485671,1.74,12.84,0.945,0.96,0.2123606797749979,0.12863703305156274,138.54186934276595,10.007439937512817,4.0,138.0771652257011,9.8198694003395,0.464704117064868,0.18757053717331662
D,20260630.0,10.0,8.0,50.0,-18.001114012844646,0.9275,0.9839271936560025,0.9997463537225315,0.9841763246132489,1.74,12.84,0.94,0.94,0.46193485033311693,0.4275200021526752,326.4229360542654,33.345666475111756,8.0,324.1015308919108,33.025736240639716,2.321405162354642,0.3199302344720343
D,20260630.0,10.0,16.0,50.0,-20.698860911220553,0.9,0.9920883066768035,0.9995534259530754,0.9925318055436472,1.74,12.84,0.93375,0.9075,1.9256022716137027,0.7823098995760186,331.10151519153396,51.999268677609514,13.0,338.21484421516215,52.61893185848427,-7.113329023628165,-0.6196631808747485
D,20260630.0,20.0,4.0,50.0,-15.760843242913737,0.975,0.97247856711027,0.9999892914315609,0.9724890084485671,1.74,12.84,0.98,0.985,0.14414213562373096,0.07414213562373095,135.462267404711,9.637434198835132,4.0,138.0771652257011,9.8198694003395,-2.6148978209900804,-0.18243520150436826
D,20260630.0,20.0,8.0,50.0,-18.171234285194902,0.975,0.9841484734922586,0.9999716297850963,0.9841763246132489,1.74,12.84,0.98,0.9775,0.22131258360497377,0.21882271580896784,328.9931140510246,32.722640980477465,8.0,324.1015308919108,33.025736240639716,4.891583159113845,-0.3030952601622544
D,20260630.0,20.0,16.0,50.0,-21.42363626148252,0.965,0.992485832223594,0.9999536737249073,0.9925318055436472,1.74,12.84,0.96875,0.97125,0.39787689200560794,0.2977482152056988,335.00245282666134,52.500662655236255,13.0,338.21484421516215,52.61893185848427,-3.212391388500848,-0.11826920324800938
D,20260630.0,30.0,4.0,50.0,-15.76533942225085,0.99,0.9724867232693315,0.999997646383902,0.9724890084485671,1.74,12.84,0.99,0.995,0.04,0.01414213562373095,139.3819811663183,9.916526693489917,4.0,138.0771652257011,9.8198694003395,1.3048159406172273,0.09665729315041649
D,20260630.0,30.0,8.0,50.0,-18.188128562822747,0.99,0.9841743887785982,0.9999980350895911,0.9841763246132489,1.74,12.84,0.99,0.99,0.09554248276624211,0.07543619055529695,326.6770692136364,32.95081458998692,8.0,324.1015308919108,33.025736240639716,2.5755383217255985,-0.07492165065279983
D,20260630.0,30.0,16.0,50.0,-21.495519467523494,0.99375,0.992529929995478,0.9999981091742969,0.9925318055436472,1.74,12.84,0.99625,0.99375,0.03618033988749895,0.058778021186334684,338.1377756691282,52.837048489751254,13.0,338.21484421516215,52.61893185848427,-0.07706854603395527,0.21811663126698136
