profile,seed,snr_db,l_value,n_samples,mean_channel_nmse_db,mean_support_recall,mean_dominant_energy_recall,mean_topk_energy_efficiency,mean_clean_topk_energy_fraction,mean_effective_support_95,mean_effective_support_99,mean_delay_support_recall,mean_angle_support_recall,mean_delay_bin_rmse,mean_angle_bin_rmse
A,20260626.0,0.0,4.0,50.0,-5.4858512125660175,0.92,0.7055646552749504,0.9967945393451489,0.7077859723531088,37.66,170.82,0.95,0.925,0.11146264369941973,0.19217332181807445
A,20260626.0,0.0,8.0,50.0,-7.789434453048043,0.94,0.8282343166562045,0.9974703726683729,0.8303078326590319,37.66,170.82,0.9475,0.9625,0.22295973102510952,0.14169844732154707
A,20260626.0,0.0,16.0,50.0,-9.46165880998541,0.8625,0.8906614280168044,0.9937557015706758,0.8962167625645117,37.66,170.82,0.89125,0.89625,1.7318224792565464,0.6483304820953709
A,20260626.0,10.0,4.0,50.0,-5.5489441204226,0.985,0.7077152486705833,0.999891634025819,0.7077859723531088,37.66,170.82,0.995,0.985,0.01414213562373095,0.034142135623730946
A,20260626.0,10.0,8.0,50.0,-7.936567832825918,0.98,0.8301857124276656,0.9998541045471915,0.8303078326590319,37.66,170.82,0.9825,0.9825,0.07962480225445503,0.05535533905932738
A,20260626.0,10.0,16.0,50.0,-10.084384081065796,0.96125,0.8958151483879447,0.9995449224240054,0.8962167625645117,37.66,170.82,0.96625,0.9675,0.22148688629071026,0.2301263328492453
A,20260626.0,20.0,4.0,50.0,-5.552169151040834,0.99,0.7077606981371269,0.9999600040405483,0.7077859723531088,37.66,170.82,0.99,0.99,0.02,0.02
A,20260626.0,20.0,8.0,50.0,-7.949673391262346,0.995,0.8302912668293371,0.9999794643948363,0.8303078326590319,37.66,170.82,0.995,0.995,0.01414213562373095,0.01414213562373095
A,20260626.0,20.0,16.0,50.0,-10.131513285012067,0.98875,0.8961727394400134,0.9999521586500886,0.8962167625645117,37.66,170.82,0.9925,0.98875,0.045731321849709856,0.08352764923708328
A,20260626.0,30.0,4.0,50.0,-5.552570004007071,0.995,0.7077665826596595,0.9999708144991959,0.7077859723531088,37.66,170.82,1.0,0.995,0.0,0.01
A,20260626.0,30.0,8.0,50.0,-7.951073343130169,1.0,0.830307832659032,1.0,0.8303078326590319,37.66,170.82,1.0,1.0,0.0,0.0
A,20260626.0,30.0,16.0,50.0,-10.13744945309377,0.99375,0.8962109150538684,0.9999933764782402,0.8962167625645117,37.66,170.82,0.99375,0.995,0.03825140769936442,0.026213203435596428
A,20260627.0,0.0,4.0,50.0,-5.397325363645771,0.945,0.7064494676596351,0.9975620195973482,0.7081362078360519,36.84,169.54,0.96,0.945,0.08,0.1223606797749979
A,20260627.0,0.0,8.0,50.0,-7.668567215910247,0.9525,0.8271000341202166,0.9982454733799997,0.828553570678287,36.84,169.54,0.9575,0.96,0.16434513391499095,0.1574065481849753
A,20260627.0,0.0,16.0,50.0,-9.431642233084938,0.8675,0.8911769271415468,0.9933460155412567,0.8971480513294628,36.84,169.54,0.9,0.90125,0.7961092965081673,0.6334931752446312
A,20260627.0,10.0,4.0,50.0,-5.451108522014429,0.98,0.708013246268363,0.9998095562449452,0.7081362078360519,36.84,169.54,0.985,0.98,0.034142135623730946,0.04
A,20260627.0,10.0,8.0,50.0,-7.797386787870117,0.9775,0.8283475919411855,0.9997577119681109,0.828553570678287,36.84,169.54,0.9825,0.98,0.06702459173643832,0.06985023648715917
A,20260627.0,10.0,16.0,50.0,-10.010155170198624,0.9525,0.8966386521927697,0.9994292994397159,0.8971480513294628,36.84,169.54,0.955,0.9625,0.29022477062330587,0.254704335778264
A,20260627.0,20.0,4.0,50.0,-5.455647630869302,1.0,0.7081362078360516,1.0,0.7081362078360519,36.84,169.54,1.0,1.0,0.0,0.0
A,20260627.0,20.0,8.0,50.0,-7.813453079692324,0.995,0.8285382830237847,0.9999811300870288,0.828553570678287,36.84,169.54,0.995,0.995,0.02,0.022247448713915888
A,20260627.0,20.0,16.0,50.0,-10.061560405261618,0.98,0.8970685425510636,0.9999115538070654,0.8971480513294628,36.84,169.54,0.9825,0.98,0.11662003681934524,0.13447530570060284
A,20260627.0,30.0,4.0,50.0,-5.455946767210646,1.0,0.7081362078360516,1.0,0.7081362078360519,36.84,169.54,1.0,1.0,0.0,0.0
A,20260627.0,30.0,8.0,50.0,-7.8147583098302285,1.0,0.828553570678287,1.0,0.828553570678287,36.84,169.54,1.0,1.0,0.0,0.0
A,20260627.0,30.0,16.0,50.0,-10.068020676104577,0.9925,0.8971412182186498,0.9999924424294631,0.8971480513294628,36.84,169.54,0.99375,0.9925,0.03573132184970986,0.07090956063421093
A,20260628.0,0.0,4.0,50.0,-5.2730047655044805,0.955,0.6932418376973635,0.9988517085095913,0.6939948098919249,40.46,184.4,0.965,0.97,0.07,0.08382332347441762
A,20260628.0,0.0,8.0,50.0,-7.40702945101585,0.9425,0.8154205515002841,0.9979693962767459,0.8171426983712035,40.46,184.4,0.955,0.95,0.18545501581030982,0.19682835214817032
A,20260628.0,0.0,16.0,50.0,-9.11852678243371,0.86875,0.8814884784395244,0.993237816894212,0.8874780465928416,40.46,184.4,0.89875,0.8975,1.3120109949524126,0.6519422295742924
A,20260628.0,10.0,4.0,50.0,-5.304956959549347,0.985,0.693897763612628,0.9998340718615425,0.6939948098919249,40.46,184.4,0.99,0.99,0.02,0.02
A,20260628.0,10.0,8.0,50.0,-7.540086449680078,0.985,0.8169853034524412,0.9997973363249362,0.8171426983712035,40.46,184.4,0.9875,0.985,0.0382842712474619,0.05535533905932739
A,20260628.0,10.0,16.0,50.0,-9.671833961515535,0.96625,0.8871460855994822,0.9996192485698044,0.8874780465928416,40.46,184.4,0.97,0.96875,0.16913849083443588,0.19741961116831186
A,20260628.0,20.0,4.0,50.0,-5.3085329698290025,0.995,0.6939874175919258,0.9999835972082336,0.6939948098919249,40.46,184.4,0.995,0.995,0.01,0.01
A,20260628.0,20.0,8.0,50.0,-7.551696220068534,0.995,0.8171272057700508,0.9999816192766289,0.8171426983712035,40.46,184.4,0.995,0.995,0.017071067811865473,0.02
A,20260628.0,20.0,16.0,50.0,-9.714151326048382,0.995,0.8874595911938867,0.9999792226995663,0.8874780465928416,40.46,184.4,0.99625,0.995,0.02414213562373095,0.02414213562373095
A,20260628.0,30.0,4.0,50.0,-5.308886089888774,1.0,0.6939948098919249,1.0,0.6939948098919249,40.46,184.4,1.0,1.0,0.0,0.0
A,20260628.0,30.0,8.0,50.0,-7.552999422611086,0.9975,0.8171414694761765,0.9999985399529169,0.8171426983712035,40.46,184.4,0.9975,0.9975,0.01,0.007071067811865475
A,20260628.0,30.0,16.0,50.0,-9.717856703828694,0.9975,0.8874772172908907,0.9999990690480377,0.8874780465928416,40.46,184.4,0.9975,0.9975,0.013660254037844386,0.02118033988749895
A,20260629.0,0.0,4.0,50.0,-5.503538129760657,0.975,0.7113252284254007,0.9993899113473058,0.7117633581713393,36.1,167.72,0.975,0.98,0.05732050807568877,0.05
A,20260629.0,0.0,8.0,50.0,-7.78143948336322,0.95,0.8321093813830087,0.9976171962331268,0.8340824030788407,36.1,167.72,0.955,0.955,0.17654610655347966,0.14710026245630156
A,20260629.0,0.0,16.0,50.0,-9.505262588747451,0.8675,0.8942107280564313,0.9932308011427056,0.9003103540269702,36.1,167.72,0.895,0.89375,1.2160073568386114,0.6384362820070619
A,20260629.0,10.0,4.0,50.0,-5.541301770601759,0.99,0.7116495198486676,0.9998460411189487,0.7117633581713393,36.1,167.72,0.99,0.99,0.02414213562373095,0.03
A,20260629.0,10.0,8.0,50.0,-7.938388040968248,0.985,0.8339286315656957,0.9998117305345366,0.8340824030788407,36.1,167.72,0.99,0.9875,0.03638958433764684,0.0382842712474619
A,20260629.0,10.0,16.0,50.0,-10.144443192138866,0.95375,0.8997995426247595,0.9994352943016506,0.9003103540269702,36.1,167.72,0.96,0.965,0.26119395727860684,0.201814337969452
A,20260629.0,20.0,4.0,50.0,-5.54602147841927,1.0,0.7117633581713393,1.0,0.7117633581713393,36.1,167.72,1.0,1.0,0.0,0.0
A,20260629.0,20.0,8.0,50.0,-7.951784905405186,1.0,0.8340824030788407,1.0,0.8340824030788407,36.1,167.72,1.0,1.0,0.0,0.0
A,20260629.0,20.0,16.0,50.0,-10.199325467098841,0.99,0.9002824940948903,0.9999693563244478,0.9003103540269702,36.1,167.72,0.99,0.99125,0.07597506168251915,0.04207106781186548
A,20260629.0,30.0,4.0,50.0,-5.546248325937189,1.0,0.7117633581713393,1.0,0.7117633581713393,36.1,167.72,1.0,1.0,0.0,0.0
A,20260629.0,30.0,8.0,50.0,-7.952648239092671,1.0,0.8340824030788407,1.0,0.8340824030788407,36.1,167.72,1.0,1.0,0.0,0.0
A,20260629.0,30.0,16.0,50.0,-10.203706899143214,0.995,0.9003066053202079,0.9999958551993475,0.9003103540269702,36.1,167.72,0.995,0.995,0.031389584337646846,0.03484059392534333
A,20260630.0,0.0,4.0,50.0,-5.915865178748556,0.945,0.731099764818048,0.9977701083400303,0.732643961380675,34.14,156.36,0.965,0.95,0.07414213562373095,0.12478708664619076
A,20260630.0,0.0,8.0,50.0,-8.133515149057098,0.94,0.8424659069611031,0.9976200257544205,0.8445138320989153,34.14,156.36,0.9475,0.95,0.22357069828991802,0.18412485419273988
A,20260630.0,0.0,16.0,50.0,-9.808574731346614,0.86125,0.9000729968641736,0.9942098093202041,0.9053285956545561,34.14,156.36,0.8975,0.8975,1.885502970173251,0.7398049668132333
A,20260630.0,10.0,4.0,50.0,-5.967612550682784,0.99,0.7325885298159891,0.9999347272771391,0.732643961380675,34.14,156.36,0.99,0.995,0.02,0.01
A,20260630.0,10.0,8.0,50.0,-8.295383544398799,0.9775,0.8442856579867943,0.9997305469519168,0.8445138320989153,34.14,156.36,0.98,0.9825,0.09318874184138107,0.060531719961377795
A,20260630.0,10.0,16.0,50.0,-10.461704452948538,0.95625,0.9048572286286033,0.9994739859945564,0.9053285956545561,34.14,156.36,0.9675,0.965,0.2192228245925885,0.25833559100080733
A,20260630.0,20.0,4.0,50.0,-5.971768050386488,0.99,0.7326262602083362,0.9999683184449271,0.732643961380675,34.14,156.36,0.995,0.995,0.01,0.02
A,20260630.0,20.0,8.0,50.0,-8.311599387871087,0.995,0.8444925697625842,0.9999739392987809,0.8445138320989153,34.14,156.36,0.9975,0.995,0.01,0.017071067811865473
A,20260630.0,20.0,16.0,50.0,-10.520536992992591,0.99,0.9052989286697116,0.9999675972190317,0.9053285956545561,34.14,156.36,0.99,0.99,0.060372338001087406,0.08032820622898856
A,20260630.0,30.0,4.0,50.0,-5.972312532047836,1.0,0.732643961380675,1.0,0.732643961380675,34.14,156.36,1.0,1.0,0.0,0.0
A,20260630.0,30.0,8.0,50.0,-8.313192079269955,0.9975,0.8445122673396135,0.9999982651011174,0.8445138320989153,34.14,156.36,0.9975,0.9975,0.01224744871391589,0.007071067811865475
A,20260630.0,30.0,16.0,50.0,-10.525881818931444,0.99875,0.905327002226935,0.9999983222550562,0.9053285956545561,34.14,156.36,0.99875,0.99875,0.007071067811865475,0.026457513110645908
C,20260626.0,0.0,4.0,50.0,-5.8605171530725935,0.96,0.7214284983723452,0.9985600547751267,0.7223728281786508,24.82,90.32,0.97,0.96,0.0723606797749979,0.21533575639918573
C,20260626.0,0.0,8.0,50.0,-8.080929494550585,0.92,0.8355470742194506,0.9974809735338412,0.8376158356739744,24.82,90.32,0.9325,0.9325,0.24956104474803684,0.3386516416286501
C,20260626.0,0.0,16.0,50.0,-10.338507212868837,0.875,0.9139632708028607,0.9933834057629606,0.9200990757876047,24.82,90.32,0.90875,0.89625,2.947317210551477,0.7100525845256488
C,20260626.0,10.0,4.0,50.0,-5.906791467839608,0.995,0.7223515674331717,0.9999758637699486,0.7223728281786508,24.82,90.32,1.0,0.995,0.0,0.02
C,20260626.0,10.0,8.0,50.0,-8.236231225360363,0.9625,0.8373140040378244,0.99963305055431,0.8376158356739744,24.82,90.32,0.9775,0.9625,0.11444842135240464,0.21247334195892484
C,20260626.0,10.0,16.0,50.0,-11.247209548565097,0.96625,0.9198019833662541,0.9996780257200852,0.9200990757876047,24.82,90.32,0.97375,0.96875,0.16486981268414574,0.2576660036173733
C,20260626.0,20.0,4.0,50.0,-5.910866553130071,1.0,0.7223728281786508,1.0,0.7223728281786508,24.82,90.32,1.0,1.0,0.0,0.0
C,20260626.0,20.0,8.0,50.0,-8.255271079160465,0.9925,0.8375983614337404,0.9999803377306403,0.8376158356739744,24.82,90.32,0.9925,0.9925,0.03,0.041462643699419724
C,20260626.0,20.0,16.0,50.0,-11.307302849318942,0.98625,0.9200434522161881,0.9999402439969266,0.9200990757876047,24.82,90.32,0.9875,0.9875,0.0710311462168983,0.10309653771211603
C,20260626.0,30.0,4.0,50.0,-5.911187552194462,1.0,0.7223728281786508,1.0,0.7223728281786508,24.82,90.32,1.0,1.0,0.0,0.0
C,20260626.0,30.0,8.0,50.0,-8.256921108691325,0.995,0.8376081621296096,0.9999910696693238,0.8376158356739744,24.82,90.32,0.995,0.995,0.017071067811865473,0.02414213562373095
C,20260626.0,30.0,16.0,50.0,-11.315111807168016,0.995,0.9200912581572644,0.9999915331984053,0.9200990757876047,24.82,90.32,0.9975,0.995,0.012071067811865475,0.04310221402876377
C,20260627.0,0.0,4.0,50.0,-6.411902857881013,0.945,0.7586251840869146,0.9969035091123252,0.7608673221955123,20.4,73.76,0.98,0.945,0.0623606797749979,0.24382546189725893
C,20260627.0,0.0,8.0,50.0,-8.73620009190428,0.9125,0.8632192765190376,0.9972274462360192,0.8656471898685291,20.4,73.76,0.9275,0.92,0.24524510547748204,0.3653474451388769
C,20260627.0,0.0,16.0,50.0,-11.043495222853826,0.865,0.9291913703156665,0.9939115249228477,0.9349000660342597,20.4,73.76,0.91125,0.88875,3.4262768087088413,0.8057923169984719
C,20260627.0,10.0,4.0,50.0,-6.48476858910022,0.99,0.7607577448561696,0.9998589863685183,0.7608673221955123,20.4,73.76,0.995,0.99,0.01,0.0423606797749979
C,20260627.0,10.0,8.0,50.0,-8.955171639681252,0.96,0.865235531817503,0.9995196972810574,0.8656471898685291,20.4,73.76,0.9725,0.965,0.08071067811865476,0.1742300577298344
C,20260627.0,10.0,16.0,50.0,-12.047693891893827,0.96,0.9345899431105218,0.999669925737772,0.9349000660342597,20.4,73.76,0.9725,0.96,0.1771172613980616,0.27692549651036114
C,20260627.0,20.0,4.0,50.0,-6.490750556585243,1.0,0.7608673221955123,1.0,0.7608673221955123,20.4,73.76,1.0,1.0,0.0,0.0
C,20260627.0,20.0,8.0,50.0,-8.981972068627531,0.9925,0.8656211956692194,0.9999697759916403,0.8656471898685291,20.4,73.76,0.995,0.9925,0.01414213562373095,0.04448764167960489
C,20260627.0,20.0,16.0,50.0,-12.124294230341688,0.98125,0.934853768636765,0.9999508863816385,0.9349000660342597,20.4,73.76,0.98625,0.9825,0.0835337115112852,0.131104905727807
C,20260627.0,30.0,4.0,50.0,-6.491186312993872,1.0,0.7608673221955123,1.0,0.7608673221955123,20.4,73.76,1.0,1.0,0.0,0.0
C,20260627.0,30.0,8.0,50.0,-8.984204820588511,1.0,0.865647189868529,1.0,0.8656471898685291,20.4,73.76,1.0,1.0,0.0,0.0
C,20260627.0,30.0,16.0,50.0,-12.133488132276764,0.995,0.9348964943498528,0.999996218618392,0.9349000660342597,20.4,73.76,0.9975,0.995,0.02280238966157534,0.04549885641328031
C,20260628.0,0.0,4.0,50.0,-6.242895436676364,0.955,0.7426988922328759,0.9983133071041692,0.7436766059298273,21.72,80.24,0.97,0.955,0.06732050807568876,0.20937478448453398
C,20260628.0,0.0,8.0,50.0,-8.510222583141745,0.9175,0.8500672274610885,0.9966306058303915,0.8529729111136781,21.72,80.24,0.94,0.925,0.22114944592917823,0.3519009144647083
C,20260628.0,0.0,16.0,50.0,-10.77035154899079,0.88125,0.9221554115857644,0.9941512700014664,0.9276159053284627,21.72,80.24,0.91,0.9075,1.997393104635688,0.6283904527737618
C,20260628.0,10.0,4.0,50.0,-6.278897208890762,0.965,0.7434288684079733,0.9996131414733598,0.7436766059298273,21.72,80.24,0.98,0.965,0.04,0.1735169201082649
C,20260628.0,10.0,8.0,50.0,-8.737950889297176,0.9675,0.8527086514202974,0.9996913716158775,0.8529729111136781,21.72,80.24,0.9825,0.9675,0.07277916867529369,0.1941289719692248
C,20260628.0,10.0,16.0,50.0,-11.7417186637541,0.96625,0.9272549616578156,0.9996134511597292,0.9276159053284627,21.72,80.24,0.97375,0.97,0.16728399973829622,0.244713255647871
C,20260628.0,20.0,4.0,50.0,-6.2853696785696425,0.99,0.7436598817052478,0.9999807073218926,0.7436766059298273,21.72,80.24,0.995,0.99,0.01414213562373095,0.03
C,20260628.0,20.0,8.0,50.0,-8.758138949259187,0.99,0.8529385177436372,0.9999584844537038,0.8529729111136781,21.72,80.24,0.995,0.99,0.01414213562373095,0.07185815445805621
C,20260628.0,20.0,16.0,50.0,-11.81646158516704,0.98875,0.9275758035201886,0.9999577806490575,0.9276159053284627,21.72,80.24,0.99,0.98875,0.05944195999091938,0.1123167716550679
C,20260628.0,30.0,4.0,50.0,-6.286271803740983,1.0,0.7436766059298273,1.0,0.7436766059298273,21.72,80.24,1.0,1.0,0.0,0.0
C,20260628.0,30.0,8.0,50.0,-8.760456686176191,0.99,0.8529672749043593,0.9999930873233893,0.8529729111136781,21.72,80.24,0.995,0.99,0.029318516525781366,0.07055317265894971
C,20260628.0,30.0,16.0,50.0,-11.825295941556346,0.99375,0.9276122093128396,0.9999961446967862,0.9276159053284627,21.72,80.24,0.99375,0.99375,0.03573132184970986,0.046905599463006896
C,20260629.0,0.0,4.0,50.0,-6.5291103623217746,0.94,0.7582027022312107,0.9983255128569083,0.7595458746835861,20.76,75.84,0.96,0.94,0.08,0.3085421856552859
C,20260629.0,0.0,8.0,50.0,-8.95547934687758,0.9375,0.8645156142388253,0.9973783855307599,0.8667420309038489,20.76,75.84,0.9425,0.9425,0.21484071308750097,0.3777548685297197
C,20260629.0,0.0,16.0,50.0,-11.027895878619272,0.84625,0.9275115750593694,0.9925240806182962,0.9345143492885244,20.76,75.84,0.8875,0.87625,3.881495402270101,0.9066209904349857
C,20260629.0,10.0,4.0,50.0,-6.5932033275225645,0.99,0.7594542005240065,0.9998825865901787,0.7595458746835861,20.76,75.84,0.99,0.99,0.02,0.07864763012391603
C,20260629.0,10.0,8.0,50.0,-9.160307326998506,0.9675,0.866410724919695,0.9996153315591304,0.8667420309038489,20.76,75.84,0.9725,0.9675,0.12682835214817031,0.18969032926235435
C,20260629.0,10.0,16.0,50.0,-12.233689867186404,0.9625,0.9340968323989212,0.9995527788295265,0.9345143492885244,20.76,75.84,0.9675,0.965,0.1886478338704804,0.30272467558816357
C,20260629.0,20.0,4.0,50.0,-6.5986213557625675,1.0,0.7595458746835861,1.0,0.7595458746835861,20.76,75.84,1.0,1.0,0.0,0.0
C,20260629.0,20.0,8.0,50.0,-9.183758116314037,0.99,0.8667166684996175,0.9999701317150931,0.8667420309038489,20.76,75.84,0.9925,0.99,0.026389584337646838,0.05078116022520108
C,20260629.0,20.0,16.0,50.0,-12.319371908591938,0.99125,0.9344672965497383,0.9999499949929879,0.9345143492885244,20.76,75.84,0.99125,0.99125,0.05512289773726411,0.07269336769028381
C,20260629.0,30.0,4.0,50.0,-6.599007522356267,1.0,0.7595458746835861,1.0,0.7595458746835861,20.76,75.84,1.0,1.0,0.0,0.0
C,20260629.0,30.0,8.0,50.0,-9.186193862593985,1.0,0.8667420309038489,1.0,0.8667420309038489,20.76,75.84,1.0,1.0,0.0,0.0
C,20260629.0,30.0,16.0,50.0,-12.330676131903667,0.9975,0.9345135003966385,0.9999990675776921,0.9345143492885244,20.76,75.84,0.9975,0.9975,0.01,0.017071067811865473
C,20260630.0,0.0,4.0,50.0,-6.729778318352642,0.955,0.7701692610573585,0.9991365345162342,0.7708767264283652,19.62,73.08,0.98,0.955,0.05414213562373095,0.20350536285661414
C,20260630.0,0.0,8.0,50.0,-9.109267915397481,0.93,0.8705169946720859,0.997464023088451,0.8726669047060643,19.62,73.08,0.955,0.9325,0.1702081528017131,0.3441073022257444
C,20260630.0,0.0,16.0,50.0,-11.240803998400953,0.86875,0.9317593620772133,0.9939526117909436,0.9374652062796882,19.62,73.08,0.8975,0.89375,3.6917654327080878,0.8373840633039532
C,20260630.0,10.0,4.0,50.0,-6.7916150172220195,0.975,0.7707167006722725,0.9997930365160318,0.7708767264283652,19.62,73.08,0.98,0.975,0.04,0.1305502584421288
C,20260630.0,10.0,8.0,50.0,-9.33149993304765,0.98,0.8725028655458905,0.9998128718689463,0.8726669047060643,19.62,73.08,0.99,0.98,0.03995352392457285,0.10352740713516717
C,20260630.0,10.0,16.0,50.0,-12.39199182861471,0.9625,0.9371479128858837,0.9996625268862903,0.9374652062796882,19.62,73.08,0.9675,0.96375,0.16937093215649912,0.2914387219129837
C,20260630.0,20.0,4.0,50.0,-6.7987165096576625,0.985,0.7708388791004236,0.9999470509173161,0.7708767264283652,19.62,73.08,0.995,0.985,0.01414213562373095,0.07738768882709854
C,20260630.0,20.0,8.0,50.0,-9.350591354230497,0.9875,0.8726388698599762,0.9999679211676746,0.8726669047060643,19.62,73.08,0.99,0.9875,0.031213203435596425,0.08122417494872465
C,20260630.0,20.0,16.0,50.0,-12.476281840019269,0.9825,0.9374264943256354,0.999958998041246,0.9374652062796882,19.62,73.08,0.9875,0.9825,0.0836067467586918,0.15456174933977004
C,20260630.0,30.0,4.0,50.0,-6.799768170574976,1.0,0.7708767264283652,1.0,0.7708767264283652,19.62,73.08,1.0,1.0,0.0,0.0
C,20260630.0,30.0,8.0,50.0,-9.352966761388881,0.9975,0.8726635924581458,0.9999965660565764,0.8726669047060643,19.62,73.08,0.9975,0.9975,0.007071067811865475,0.022360679774997897
C,20260630.0,30.0,16.0,50.0,-12.485307221506803,0.995,0.9374623548924322,0.9999970358529652,0.9374652062796882,19.62,73.08,0.9975,0.995,0.017071067811865473,0.03995352392457285
D,20260626.0,0.0,4.0,50.0,-15.104242687745817,0.82,0.970614658554753,0.9979797871186012,0.9725806262680093,1.92,12.42,0.865,0.86,1.770280365974742,0.6096780249146991
D,20260626.0,0.0,8.0,50.0,-14.800934915000855,0.645,0.9778291861445649,0.9933940939771267,0.9843357316922661,1.92,12.42,0.69,0.7025,15.136585676161642,2.176250075376528
D,20260626.0,0.0,16.0,50.0,-13.161061853301531,0.45625,0.9820872619704332,0.98930556064968,0.9927020270806723,1.92,12.42,0.4975,0.62875,23.214930815365182,2.6945068843725126
D,20260626.0,10.0,4.0,50.0,-15.825833088213464,0.95,0.9724490836908931,0.9998651879681583,0.9725806262680093,1.92,12.42,0.975,0.955,0.14,0.15650281539872885
D,20260626.0,10.0,8.0,50.0,-18.173090890923017,0.9325,0.9841029233204529,0.9997628003508647,0.9843357316922661,1.92,12.42,0.9425,0.9475,0.33430779664717086,0.32095607694255884
D,20260626.0,10.0,16.0,50.0,-20.82442466368471,0.90125,0.9922195239568715,0.9995142169779725,0.9927020270806723,1.92,12.42,0.9275,0.9125,2.1640483148140266,0.8178845039823653
D,20260626.0,20.0,4.0,50.0,-15.878580644307583,0.975,0.9725698999475408,0.9999890086233353,0.9725806262680093,1.92,12.42,0.985,0.98,0.0482842712474619,0.06059964873437686
D,20260626.0,20.0,8.0,50.0,-18.34481054411846,0.9825,0.98432452920497,0.9999886258453929,0.9843357316922661,1.92,12.42,0.99,0.985,0.09570261566850617,0.09346065214951231
D,20260626.0,20.0,16.0,50.0,-21.617085128461625,0.97,0.9926684076403908,0.9999660853165578,0.9927020270806723,1.92,12.42,0.97375,0.97125,0.4421270277060026,0.33868353450407257
D,20260626.0,30.0,4.0,50.0,-15.883387280124277,1.0,0.9725806262680093,1.0,0.9725806262680093,1.92,12.42,1.0,1.0,0.0,0.0
D,20260626.0,30.0,8.0,50.0,-18.3595075307877,0.9925,0.9843354524087214,0.9999997171384243,0.9843357316922661,1.92,12.42,0.995,0.9925,0.03313189637653067,0.029953523924572848
D,20260626.0,30.0,16.0,50.0,-21.682794820007107,0.9825,0.9926976746906164,0.9999956231702589,0.9927020270806723,1.92,12.42,0.985,0.9825,0.368480727023665,0.20805089006989141
D,20260627.0,0.0,4.0,50.0,-15.188303596561331,0.795,0.9718140654267086,0.997671119653072,0.9740897371877456,1.8,11.54,0.85,0.835,3.6938921771926747,0.8301855411184513
D,20260627.0,0.0,8.0,50.0,-15.171210596557884,0.6625,0.9800921589928894,0.9943507526506052,0.9856667597938186,1.8,11.54,0.7025,0.7175,14.83439801102247,2.1443490082235677
D,20260627.0,0.0,16.0,50.0,-13.182925799030558,0.43875,0.9828309613145555,0.9893753462305444,0.9933857236158345,1.8,11.54,0.4675,0.6225,24.40747960570098,2.7943904849769035
D,20260627.0,10.0,4.0,50.0,-16.063121372655765,0.93,0.9739242463751491,0.9998289077284455,0.9740897371877456,1.8,11.54,0.94,0.935,0.3321090483770944,0.24605721787823398
D,20260627.0,10.0,8.0,50.0,-18.546353814047208,0.9425,0.9855451598719971,0.9998764365457447,0.9856667597938186,1.8,11.54,0.95,0.955,0.4887215178303611,0.34029504658593657
D,20260627.0,10.0,16.0,50.0,-21.13039276866071,0.8925,0.9929248931737217,0.9995362714639843,0.9933857236158345,1.8,11.54,0.91625,0.9025,2.065859727848401,0.9015327865475985
D,20260627.0,20.0,4.0,50.0,-16.12388255831518,0.97,0.9740806022125189,0.999990613787566,0.9740897371877456,1.8,11.54,0.985,0.97,0.2,0.17146264369941974
D,20260627.0,20.0,8.0,50.0,-18.698108112652132,0.975,0.9856577065028037,0.9999908229564848,0.9856667597938186,1.8,11.54,0.9825,0.9775,0.1389484732906895,0.11676619087329466
D,20260627.0,20.0,16.0,50.0,-22.002575209628613,0.98,0.9933613206473828,0.9999754424214745,0.9933857236158345,1.8,11.54,0.9875,0.9825,0.31672446559746165,0.21596400648018302
D,20260627.0,30.0,4.0,50.0,-16.12871850739642,0.99,0.9740892881275325,0.9999995364123052,0.9740897371877456,1.8,11.54,0.995,0.99,0.01,0.04
D,20260627.0,30.0,8.0,50.0,-18.7133746567632,0.9925,0.9856656962177311,0.9999989284733521,0.9856667597938186,1.8,11.54,0.9925,0.995,0.08245165457218395,0.05088448176547862
D,20260627.0,30.0,16.0,50.0,-22.072800520840495,0.98875,0.9933810591110039,0.999995302338537,0.9933857236158345,1.8,11.54,0.99,0.99,0.13417224642687592,0.1065641361696521
D,20260628.0,0.0,4.0,50.0,-15.271829524259822,0.82,0.9720249188145285,0.9979225911589829,0.9740486690335493,1.76,12.2,0.845,0.855,2.8556673249937097,0.7108095033667365
D,20260628.0,0.0,8.0,50.0,-14.963535008298013,0.6525,0.979135502444739,0.9936491516460125,0.9853962270835368,1.76,12.2,0.695,0.7025,16.219840858397678,2.2416650113272967
D,20260628.0,0.0,16.0,50.0,-12.986264687690893,0.41875,0.9815585237021657,0.9885541932208239,0.992921818258286,1.76,12.2,0.45125,0.62375,25.31599028419251,2.640478599897289
D,20260628.0,10.0,4.0,50.0,-16.006956363939846,0.965,0.9739684705063574,0.9999174321016732,0.9740486690335493,1.76,12.2,0.98,0.97,0.0882842712474619,0.1016227766016838
D,20260628.0,10.0,8.0,50.0,-18.393900361818794,0.93,0.9851583318154549,0.999758666794833,0.9853962270835368,1.76,12.2,0.9375,0.95,0.3154276842746046,0.2662881156455541
D,20260628.0,10.0,16.0,50.0,-20.88314971333479,0.88875,0.9924033819457871,0.9994779867873081,0.992921818258286,1.76,12.2,0.91375,0.905,1.9306408527282537,0.9207385959095447
D,20260628.0,20.0,4.0,50.0,-16.049374926316,0.975,0.9740293310625343,0.9999800802445842,0.9740486690335493,1.76,12.2,0.985,0.975,0.0582842712474619,0.05
D,20260628.0,20.0,8.0,50.0,-18.577543116683444,0.97,0.98535505593421,0.9999581676530718,0.9853962270835368,1.76,12.2,0.9725,0.98,0.19525874211917799,0.11971912909254835
D,20260628.0,20.0,16.0,50.0,-21.74038497017266,0.965,0.9928723024552234,0.9999500494856913,0.992921818258286,1.76,12.2,0.97125,0.9675,0.4417797732319265,0.34464539193199956
D,20260628.0,30.0,4.0,50.0,-16.055365495906553,0.995,0.9740482963438493,0.9999996219578374,0.9740486690335493,1.76,12.2,1.0,0.995,0.0,0.01
D,20260628.0,30.0,8.0,50.0,-18.60235864255498,0.9975,0.9853961473089626,0.9999999189297946,0.9853962270835368,1.76,12.2,0.9975,1.0,0.01,0.0
D,20260628.0,30.0,16.0,50.0,-21.820204935312002,0.99125,0.9929199268022059,0.9999980970976569,0.992921818258286,1.76,12.2,0.9925,0.99125,0.07976232764691077,0.0770943190848918
D,20260629.0,0.0,4.0,50.0,-15.12468830466927,0.765,0.9710757285856506,0.99791189940807,0.9731107118880845,1.82,12.16,0.835,0.825,3.8728395905535926,0.9258358934549692
D,20260629.0,0.0,8.0,50.0,-15.013646985243001,0.6525,0.9787189220217282,0.9939649741334126,0.9846649020562636,1.82,12.16,0.6925,0.7175,16.56776400847089,2.0837071132821445
D,20260629.0,0.0,16.0,50.0,-13.102313721618652,0.44625,0.9817832558210924,0.988727819107495,0.9929750280531471,1.82,12.16,0.4825,0.62625,24.73102428391344,2.751025890679122
D,20260629.0,10.0,4.0,50.0,-15.876884110511508,0.935,0.9729979044629624,0.9998841534983535,0.9731107118880845,1.82,12.16,0.95,0.955,0.27402608699987663,0.19542219948179643
D,20260629.0,10.0,8.0,50.0,-18.171030465983044,0.9275,0.984430833347185,0.9997623106968899,0.9846649020562636,1.82,12.16,0.94,0.94,0.431193810041686,0.33177350531832756
D,20260629.0,10.0,16.0,50.0,-20.942124901483243,0.9075,0.992533833206469,0.9995556520589257,0.9929750280531471,1.82,12.16,0.92875,0.915,1.5718251427320644,0.8611556358454159
D,20260629.0,20.0,4.0,50.0,-15.921283657868532,0.95,0.9730737239312546,0.9999616914528491,0.9731107118880845,1.82,12.16,0.955,0.97,0.2629126786466034,0.1887367098025452
D,20260629.0,20.0,8.0,50.0,-18.341438304411284,0.9775,0.9846465115854376,0.9999813242592396,0.9846649020562636,1.82,12.16,0.9775,0.98,0.11592140033838375,0.08017093063328944
D,20260629.0,20.0,16.0,50.0,-21.681550895395574,0.96625,0.9929306194093804,0.9999552445900397,0.9929750280531471,1.82,12.16,0.975,0.9675,0.3630795392901938,0.3234175361134534
D,20260629.0,30.0,4.0,50.0,-15.929468922183752,0.99,0.9731099621828847,0.9999992310742027,0.9731107118880845,1.82,12.16,0.995,0.99,0.02,0.02414213562373095
D,20260629.0,30.0,8.0,50.0,-18.357999984703053,0.9925,0.9846629894166133,0.9999980565688708,0.9846649020562636,1.82,12.16,0.9925,0.9925,0.04020296418839615,0.03285042255760066
D,20260629.0,30.0,16.0,50.0,-21.75681085633785,0.99,0.9929732535127325,0.9999982127814718,0.9929750280531471,1.82,12.16,0.99125,0.99,0.22001193080529224,0.14826192520853307
D,20260630.0,0.0,4.0,50.0,-15.000387155564212,0.795,0.9702031942788543,0.9976495958424817,0.9724890084485671,1.74,12.84,0.835,0.85,2.2587366602925885,0.6636146729035598
D,20260630.0,0.0,8.0,50.0,-15.01520564651519,0.6725,0.97838561136214,0.9941189855460034,0.9841763246132489,1.74,12.84,0.73,0.7275,14.70617840998438,2.128816266468954
D,20260630.0,0.0,16.0,50.0,-13.127656197370486,0.45625,0.9812272635704218,0.9886091719195172,0.9925318055436472,1.74,12.84,0.48625,0.63875,24.088733360428222,2.8354911035496246
D,20260630.0,10.0,4.0,50.0,-15.70035183139927,0.94,0.9723253526425364,0.9998315226529445,0.9724890084485671,1.74,12.84,0.945,0.96,0.2123606797749979,0.12863703305156274
D,20260630.0,10.0,8.0,50.0,-18.001114012844646,0.9275,0.9839271936560025,0.9997463537225315,0.9841763246132489,1.74,12.84,0.94,0.94,0.46193485033311693,0.4275200021526752
D,20260630.0,10.0,16.0,50.0,-20.698860911220553,0.9,0.9920883066768035,0.9995534259530754,0.9925318055436472,1.74,12.84,0.93375,0.9075,1.9256022716137027,0.7823098995760186
D,20260630.0,20.0,4.0,50.0,-15.760843242913737,0.975,0.97247856711027,0.9999892914315609,0.9724890084485671,1.74,12.84,0.98,0.985,0.14414213562373096,0.07414213562373095
D,20260630.0,20.0,8.0,50.0,-18.171234285194902,0.975,0.9841484734922586,0.9999716297850963,0.9841763246132489,1.74,12.84,0.98,0.9775,0.22131258360497377,0.21882271580896784
D,20260630.0,20.0,16.0,50.0,-21.42363626148252,0.965,0.992485832223594,0.9999536737249073,0.9925318055436472,1.74,12.84,0.96875,0.97125,0.39787689200560794,0.2977482152056988
D,20260630.0,30.0,4.0,50.0,-15.76533942225085,0.99,0.9724867232693315,0.999997646383902,0.9724890084485671,1.74,12.84,0.99,0.995,0.04,0.01414213562373095
D,20260630.0,30.0,8.0,50.0,-18.188128562822747,0.99,0.9841743887785982,0.9999980350895911,0.9841763246132489,1.74,12.84,0.99,0.99,0.09554248276624211,0.07543619055529695
D,20260630.0,30.0,16.0,50.0,-21.495519467523494,0.99375,0.992529929995478,0.9999981091742969,0.9925318055436472,1.74,12.84,0.99625,0.99375,0.03618033988749895,0.058778021186334684
